x-axis,1,2
second,Volt,Volt
-10.04580E-06,,
-10.03580E-06,,
-10.02580E-06,-840.93407986E-03,+11.87027415E-03
-10.01580E-06,-811.92849783E-03,+13.50664550E-03
-10.00580E-06,-787.46527082E-03,+14.50503435E-03
-9.99580E-06,-754.67601362E-03,+15.48468659E-03
-9.98580E-06,-726.03423384E-03,+15.60491188E-03
-9.97580E-06,-705.53732750E-03,+16.86207710E-03
-9.96580E-06,-679.49771835E-03,+17.03796479E-03
-9.95580E-06,-645.33860110E-03,+18.99686316E-03
-9.94580E-06,-619.09612580E-03,+19.87568631E-03
-9.93580E-06,-591.89870026E-03,+21.70997888E-03
-9.92580E-06,-562.50564671E-03,+23.09482446E-03
-9.91580E-06,-540.09801069E-03,+24.84858775E-03
-9.90580E-06,-506.62556663E-03,+24.80232522E-03
-9.89580E-06,-475.59561973E-03,+25.69389416E-03
-9.88580E-06,-447.71625108E-03,+26.18880277E-03
-9.87580E-06,-422.19595291E-03,+26.71743823E-03
-9.86580E-06,-391.84779835E-03,+28.83634363E-03
-9.85580E-06,-359.76029032E-03,+30.22870742E-03
-9.84580E-06,-336.12420694E-03,+31.79956609E-03
-9.83580E-06,-308.34055192E-03,+32.96335635E-03
-9.82580E-06,-277.43441651E-03,+33.91255982E-03
-9.81580E-06,-251.06010177E-03,+33.75052130E-03
-9.80580E-06,-224.46705341E-03,+34.71710267E-03
-9.79580E-06,-193.57452407E-03,+35.81769348E-03
-9.78580E-06,-169.62160013E-03,+37.03790182E-03
-9.77580E-06,-140.03344455E-03,+38.19549020E-03
-9.76580E-06,-111.93752831E-03,+39.40005533E-03
-9.75580E-06,-83.29593697E-03,+40.76557350E-03
-9.74580E-06,-55.74965325E-03,+40.96791199E-03
-9.73580E-06,-26.11532749E-03,+41.43265828E-03
-9.72580E-06,+3.13258206E-03,+41.30466510E-03
-9.71580E-06,+29.64224141E-03,+41.59550619E-03
-9.70580E-06,+58.11801581E-03,+42.31421018E-03
-9.69580E-06,+86.84056516E-03,+44.61724794E-03
-9.68580E-06,+114.81557205E-03,+46.11991796E-03
-9.67580E-06,+141.77208344E-03,+48.11973631E-03
-9.66580E-06,+172.71783099E-03,+48.92565767E-03
-9.65580E-06,+198.47925062E-03,+49.47992418E-03
-9.64580E-06,+229.52103216E-03,+49.41101093E-03
-9.63580E-06,+258.45215769E-03,+49.57494054E-03
-9.62580E-06,+290.48205663E-03,+50.14246732E-03
-9.61580E-06,+319.85313694E-03,+51.46890761E-03
-9.60580E-06,+349.98587459E-03,+52.83605117E-03
-9.59580E-06,+374.22064397E-03,+54.38591654E-03
-9.58580E-06,+402.85415081E-03,+56.24133433E-03
-9.57580E-06,+423.16449190E-03,+57.29559571E-03
-9.56580E-06,+451.77069238E-03,+57.87255911E-03
-9.55580E-06,+484.69879935E-03,+59.17263057E-03
-9.54580E-06,+515.38539081E-03,+59.19752384E-03
-9.53580E-06,+544.46533510E-03,+60.54342156E-03
-9.52580E-06,+570.82634529E-03,+60.43896575E-03
-9.51580E-06,+594.55676661E-03,+62.50986358E-03
-9.50580E-06,+629.26610059E-03,+62.89050380E-03
-9.49580E-06,+654.45142935E-03,+64.14206830E-03
-9.48580E-06,+682.50971218E-03,+64.59347140E-03
-9.47580E-06,+707.90094113E-03,+65.31341068E-03
-9.46580E-06,+737.18371388E-03,+65.79173383E-03
-9.45580E-06,+766.43512860E-03,+66.07757723E-03
-9.44580E-06,+790.41952365E-03,+66.75612823E-03
-9.43580E-06,+818.37214271E-03,+67.28092215E-03
-9.42580E-06,+850.36393712E-03,+68.64241504E-03
-9.41580E-06,+877.85302633E-03,+69.44589691E-03
-9.40580E-06,+900.08988919E-03,+71.46300741E-03
-9.39580E-06,+929.43079869E-03,+71.55920536E-03
-9.38580E-06,+958.76004316E-03,+72.09808589E-03
-9.37580E-06,+982.34865605E-03,+71.86189146E-03
-9.36580E-06,+1.01075466635E+00,+72.28925025E-03
-9.35580E-06,+1.03510395665E+00,+72.48656185E-03
-9.34580E-06,+1.05661417612E+00,+73.23097321E-03
-9.33580E-06,+1.08697678477E+00,+73.70283159E-03
-9.32580E-06,+1.11285368641E+00,+74.52913662E-03
-9.31580E-06,+1.13066591881E+00,+75.95676972E-03
-9.30580E-06,+1.14959318951E+00,+75.60097754E-03
-9.29580E-06,+1.18442669303E+00,+76.88779815E-03
-9.28580E-06,+1.20450925491E+00,+76.19106175E-03
-9.27580E-06,+1.23133162777E+00,+77.18643729E-03
-9.26580E-06,+1.25715881636E+00,+77.05590475E-03
-9.25580E-06,+1.27612323052E+00,+78.51226230E-03
-9.24580E-06,+1.29888279643E+00,+78.70846958E-03
-9.23580E-06,+1.33113003447E+00,+80.65187456E-03
-9.22580E-06,+1.35019229173E+00,+80.78128959E-03
-9.21580E-06,+1.37528347099E+00,+81.14590876E-03
-9.20580E-06,+1.39392420386E+00,+81.65623821E-03
-9.19580E-06,+1.41903153326E+00,+82.09029169E-03
-9.18580E-06,+1.44308052888E+00,+81.93844642E-03
-9.17580E-06,+1.46362179629E+00,+81.42330490E-03
-9.16580E-06,+1.48700072115E+00,+82.55753776E-03
-9.15580E-06,+1.50021583504E+00,+81.97140911E-03
-9.14580E-06,+1.52638114016E+00,+83.39666302E-03
-9.13580E-06,+1.54469937898E+00,+83.60878489E-03
-9.12580E-06,+1.56417645182E+00,+83.75161472E-03
-9.11580E-06,+1.58788962999E+00,+83.60477091E-03
-9.10580E-06,+1.60815344284E+00,+83.59135234E-03
-9.09580E-06,+1.62825513237E+00,+82.78226503E-03
-9.08580E-06,+1.65137179172E+00,+82.87031723E-03
-9.07580E-06,+1.67487539492E+00,+83.10710151E-03
-9.06580E-06,+1.68971895961E+00,+83.82297781E-03
-9.05580E-06,+1.71176969065E+00,+84.75771682E-03
-9.04580E-06,+1.72720971764E+00,+85.27578025E-03
-9.03580E-06,+1.74014573745E+00,+85.61098430E-03
-9.02580E-06,+1.76727765786E+00,+85.74898134E-03
-9.01580E-06,+1.77954991998E+00,+85.37929193E-03
-9.00580E-06,+1.79287261983E+00,+85.18885592E-03
-8.99580E-06,+1.81786175355E+00,+85.60412756E-03
-8.98580E-06,+1.83239113482E+00,+85.55649123E-03
-8.97580E-06,+1.84853882830E+00,+85.58029055E-03
-8.96580E-06,+1.86818742810E+00,+86.22420543E-03
-8.95580E-06,+1.87762284310E+00,+86.85814378E-03
-8.94580E-06,+1.89464792091E+00,+87.17886170E-03
-8.93580E-06,+1.91032807056E+00,+86.94515857E-03
-8.92580E-06,+1.92494547671E+00,+86.89299851E-03
-8.91580E-06,+1.94223694708E+00,+86.97009236E-03
-8.90580E-06,+1.95934324672E+00,+86.88153888E-03
-8.89580E-06,+1.97181068624E+00,+86.42413177E-03
-8.88580E-06,+1.98400411983E+00,+85.70380051E-03
-8.87580E-06,+1.99431284865E+00,+85.40773088E-03
-8.86580E-06,+2.01063308671E+00,+85.32565348E-03
-8.85580E-06,+2.02231288167E+00,+84.67297663E-03
-8.84580E-06,+2.03347057660E+00,+84.14431007E-03
-8.83580E-06,+2.03912148725E+00,+84.21300095E-03
-8.82580E-06,+2.06159404420E+00,+83.99388760E-03
-8.81580E-06,+2.06959239797E+00,+85.06548070E-03
-8.80580E-06,+2.08896653956E+00,+84.95168438E-03
-8.79580E-06,+2.09829080691E+00,+85.43479038E-03
-8.78580E-06,+2.10099760485E+00,+85.35930778E-03
-8.77580E-06,+2.10921561564E+00,+85.83284524E-03
-8.76580E-06,+2.12388706918E+00,+86.01061272E-03
-8.75580E-06,+2.14139832848E+00,+86.51322986E-03
-8.74580E-06,+2.14641075254E+00,+86.00027719E-03
-8.73580E-06,+2.15645653743E+00,+85.75097137E-03
-8.72580E-06,+2.16703361870E+00,+85.09392719E-03
-8.71580E-06,+2.17710959323E+00,+84.21830298E-03
-8.70580E-06,+2.18663930849E+00,+83.80488475E-03
-8.69580E-06,+2.19002554315E+00,+82.45498718E-03
-8.68580E-06,+2.19118190849E+00,+82.50959803E-03
-8.67580E-06,+2.20384411082E+00,+81.90169778E-03
-8.66580E-06,+2.20838209380E+00,+81.83971760E-03
-8.65580E-06,+2.21170250296E+00,+81.82867067E-03
-8.64580E-06,+2.22155271470E+00,+81.70445402E-03
-8.63580E-06,+2.22491560044E+00,+81.48234527E-03
-8.62580E-06,+2.22822611599E+00,+81.30189427E-03
-8.61580E-06,+2.23107547617E+00,+81.09152687E-03
-8.60580E-06,+2.23784558986E+00,+80.28216630E-03
-8.59580E-06,+2.24125824518E+00,+80.17714138E-03
-8.58580E-06,+2.24942929429E+00,+79.99686093E-03
-8.57580E-06,+2.24708590284E+00,+79.67287718E-03
-8.56580E-06,+2.26019073594E+00,+79.29682665E-03
-8.55580E-06,+2.25865014042E+00,+79.46524230E-03
-8.54580E-06,+2.26224800414E+00,+78.23811880E-03
-8.53580E-06,+2.26409283294E+00,+78.67465321E-03
-8.52580E-06,+2.26200567661E+00,+77.66253862E-03
-8.51580E-06,+2.26131400950E+00,+77.82747267E-03
-8.50580E-06,+2.26395995702E+00,+76.65356360E-03
-8.49580E-06,+2.26494799905E+00,+75.67472075E-03
-8.48580E-06,+2.26580427701E+00,+75.05897628E-03
-8.47580E-06,+2.26539191127E+00,+74.29012298E-03
-8.46580E-06,+2.26202923283E+00,+73.68683033E-03
-8.45580E-06,+2.26317679756E+00,+71.37252609E-03
-8.44580E-06,+2.26325805710E+00,+70.57185965E-03
-8.43580E-06,+2.26006765941E+00,+69.09487911E-03
-8.42580E-06,+2.26221359322E+00,+68.83762730E-03
-8.41580E-06,+2.26184345907E+00,+67.56288914E-03
-8.40580E-06,+2.25712249139E+00,+66.75447836E-03
-8.39580E-06,+2.24561737050E+00,+66.46468128E-03
-8.38580E-06,+2.24878021683E+00,+67.02935964E-03
-8.37580E-06,+2.24341559904E+00,+67.32701884E-03
-8.36580E-06,+2.23971650011E+00,+67.06538935E-03
-8.35580E-06,+2.23183673776E+00,+67.30671150E-03
-8.34580E-06,+2.22324621836E+00,+66.56055038E-03
-8.33580E-06,+2.22025761266E+00,+66.34576572E-03
-8.32580E-06,+2.21691990381E+00,+64.21417388E-03
-8.31580E-06,+2.21676522426E+00,+63.22344645E-03
-8.30580E-06,+2.20887257196E+00,+60.99303722E-03
-8.29580E-06,+2.19983765035E+00,+60.69044158E-03
-8.28580E-06,+2.18854883209E+00,+58.82462230E-03
-8.27580E-06,+2.18589762682E+00,+58.79415563E-03
-8.26580E-06,+2.18189614143E+00,+57.53776588E-03
-8.25580E-06,+2.17134372824E+00,+56.41079022E-03
-8.24580E-06,+2.16340969237E+00,+55.18189152E-03
-8.23580E-06,+2.14437138707E+00,+54.66205007E-03
-8.22580E-06,+2.14158218006E+00,+53.84643673E-03
-8.21580E-06,+2.13385670152E+00,+52.23372432E-03
-8.20580E-06,+2.11587663578E+00,+52.59402233E-03
-8.19580E-06,+2.10400786342E+00,+51.64545016E-03
-8.18580E-06,+2.09989758598E+00,+51.63711691E-03
-8.17580E-06,+2.09176028822E+00,+50.87523814E-03
-8.16580E-06,+2.07693402321E+00,+49.57827422E-03
-8.15580E-06,+2.06572499457E+00,+47.84659348E-03
-8.14580E-06,+2.05963356379E+00,+45.95603452E-03
-8.13580E-06,+2.04263837412E+00,+44.64239279E-03
-8.12580E-06,+2.03041652231E+00,+43.55212997E-03
-8.11580E-06,+2.02263893742E+00,+43.60554417E-03
-8.10580E-06,+2.01123573016E+00,+43.40045337E-03
-8.09580E-06,+1.99142547816E+00,+43.01775433E-03
-8.08580E-06,+1.97674803192E+00,+42.77149762E-03
-8.07580E-06,+1.96376111183E+00,+42.47411544E-03
-8.06580E-06,+1.94789848629E+00,+40.86612181E-03
-8.05580E-06,+1.93672413240E+00,+39.74607639E-03
-8.04580E-06,+1.91578680016E+00,+37.97831788E-03
-8.03580E-06,+1.90702693981E+00,+36.45605192E-03
-8.02580E-06,+1.89511195957E+00,+35.67014581E-03
-8.01580E-06,+1.87401844017E+00,+33.71153576E-03
-8.00580E-06,+1.85835649477E+00,+33.34420103E-03
-7.99580E-06,+1.84482806433E+00,+31.72746050E-03
-7.98580E-06,+1.82295023593E+00,+31.87783492E-03
-7.97580E-06,+1.80911250292E+00,+30.19152345E-03
-7.96580E-06,+1.79425697167E+00,+29.45049005E-03
-7.95580E-06,+1.77666072153E+00,+28.35444371E-03
-7.94580E-06,+1.75128091264E+00,+27.64813123E-03
-7.93580E-06,+1.73815736648E+00,+28.00225469E-03
-7.92580E-06,+1.71570135541E+00,+26.61644142E-03
-7.91580E-06,+1.70462228172E+00,+26.62910147E-03
-7.90580E-06,+1.67772726148E+00,+25.69688392E-03
-7.89580E-06,+1.66030487507E+00,+25.66589430E-03
-7.88580E-06,+1.63782734305E+00,+22.85620185E-03
-7.87580E-06,+1.62177178265E+00,+22.71167597E-03
-7.86580E-06,+1.59833494719E+00,+20.38503205E-03
-7.85580E-06,+1.58308819427E+00,+20.59836094E-03
-7.84580E-06,+1.55319899023E+00,+19.30177674E-03
-7.83580E-06,+1.53672857656E+00,+19.05909210E-03
-7.82580E-06,+1.51114560000E+00,+16.59762934E-03
-7.81580E-06,+1.49334335544E+00,+16.04895225E-03
-7.80580E-06,+1.47024612526E+00,+14.41448048E-03
-7.79580E-06,+1.44779750143E+00,+12.40316952E-03
-7.78580E-06,+1.42669821547E+00,+11.18638437E-03
-7.77580E-06,+1.41607620779E+00,+10.23921050E-03
-7.76580E-06,+1.38849251680E+00,+8.98661801E-03
-7.75580E-06,+1.35439643598E+00,+7.88482678E-03
-7.74580E-06,+1.33813655837E+00,+8.01964844E-03
-7.73580E-06,+1.31610821516E+00,+6.35578793E-03
-7.72580E-06,+1.29050098512E+00,+5.49100806E-03
-7.71580E-06,+1.26338766470E+00,+4.39549503E-03
-7.70580E-06,+1.24189370843E+00,+3.33957812E-03
-7.69580E-06,+1.21550005875E+00,+1.63669721E-03
-7.68580E-06,+1.19495850866E+00,+531.38856E-06
-7.67580E-06,+1.16966220186E+00,-1.22604478E-03
-7.66580E-06,+1.14498397253E+00,-1.95000652E-03
-7.65580E-06,+1.11411859880E+00,-2.46945223E-03
-7.64580E-06,+1.09240813262E+00,-3.54674029E-03
-7.63580E-06,+1.06768130211E+00,-4.88173808E-03
-7.62580E-06,+1.04542084534E+00,-6.10060561E-03
-7.61580E-06,+1.02100237515E+00,-7.93029153E-03
-7.60580E-06,+995.56279000E-03,-10.33116486E-03
-7.59580E-06,+967.71534474E-03,-11.64963467E-03
-7.58580E-06,+941.67469912E-03,-14.40263955E-03
-7.57580E-06,+918.13681690E-03,-15.11493059E-03
-7.56580E-06,+887.11868581E-03,-15.38863501E-03
-7.55580E-06,+863.26177701E-03,-15.77899075E-03
-7.54580E-06,+831.80521758E-03,-16.35532002E-03
-7.53580E-06,+807.76786815E-03,-17.35192803E-03
-7.52580E-06,+778.96549149E-03,-19.29902096E-03
-7.51580E-06,+755.04332255E-03,-21.12538451E-03
-7.50580E-06,+720.44372285E-03,-22.14290479E-03
-7.49580E-06,+697.74877635E-03,-23.62596944E-03
-7.48580E-06,+664.82193200E-03,-24.39097741E-03
-7.47580E-06,+637.55624995E-03,-25.34285028E-03
-7.46580E-06,+612.15022770E-03,-25.29465897E-03
-7.45580E-06,+584.95040884E-03,-26.79889029E-03
-7.44580E-06,+553.06925329E-03,-27.26510931E-03
-7.43580E-06,+526.98386970E-03,-29.23232680E-03
-7.42580E-06,+494.73972224E-03,-29.97641026E-03
-7.41580E-06,+469.79783287E-03,-32.19146272E-03
-7.40580E-06,+446.26257010E-03,-33.11143010E-03
-7.39580E-06,+409.66453622E-03,-34.09444240E-03
-7.38580E-06,+386.13764062E-03,-34.24090460E-03
-7.37580E-06,+354.96816553E-03,-35.59079087E-03
-7.36580E-06,+330.52041025E-03,-36.17477213E-03
-7.35580E-06,+297.32366816E-03,-37.07386493E-03
-7.34580E-06,+269.11965714E-03,-38.64112704E-03
-7.33580E-06,+237.31246810E-03,-39.43964421E-03
-7.32580E-06,+208.56351695E-03,-40.86537962E-03
-7.31580E-06,+177.74291888E-03,-41.00930529E-03
-7.30580E-06,+150.66144646E-03,-41.63270365E-03
-7.29580E-06,+125.08425530E-03,-42.26321127E-03
-7.28580E-06,+94.90378333E-03,-43.48378992E-03
-7.27580E-06,+71.02620160E-03,-44.84243533E-03
-7.26580E-06,+39.10234333E-03,-46.58599218E-03
-7.25580E-06,+14.02565586E-03,-48.26018632E-03
-7.24580E-06,-10.34430737E-03,-48.96528613E-03
-7.23580E-06,-41.21552305E-03,-49.37188153E-03
-7.22580E-06,-62.79139841E-03,-49.53287038E-03
-7.21580E-06,-101.16151949E-03,-49.43422354E-03
-7.20580E-06,-120.56093219E-03,-49.11162207E-03
-7.19580E-06,-152.28525987E-03,-51.20893961E-03
-7.18580E-06,-188.17562726E-03,-52.17942094E-03
-7.17580E-06,-210.17329085E-03,-54.48212515E-03
-7.16580E-06,-237.73035390E-03,-55.76118069E-03
-7.15580E-06,-262.98638899E-03,-56.86620855E-03
-7.14580E-06,-300.35414587E-03,-57.33583663E-03
-7.13580E-06,-319.42175510E-03,-57.89702584E-03
-7.12580E-06,-354.72932280E-03,-58.24141870E-03
-7.11580E-06,-384.29855802E-03,-59.08652347E-03
-7.10580E-06,-407.31882532E-03,-60.61045533E-03
-7.09580E-06,-433.32775484E-03,-61.35839541E-03
-7.08580E-06,-470.55526742E-03,-63.22970234E-03
-7.07580E-06,-503.53670567E-03,-63.81086911E-03
-7.06580E-06,-525.71758010E-03,-64.37008620E-03
-7.05580E-06,-552.85423060E-03,-64.41474691E-03
-7.04580E-06,-580.00435526E-03,-65.35798689E-03
-7.03580E-06,-606.95734264E-03,-66.23117539E-03
-7.02580E-06,-636.85244516E-03,-66.95879117E-03
-7.01580E-06,-663.96738625E-03,-68.42129500E-03
-7.00580E-06,-695.71116194E-03,-69.26746452E-03
-6.99580E-06,-720.01154953E-03,-70.51031887E-03
-6.98580E-06,-748.91288115E-03,-70.93726213E-03
-6.97580E-06,-776.41619833E-03,-71.80643006E-03
-6.96580E-06,-803.97589967E-03,-71.58181869E-03
-6.95580E-06,-834.21550717E-03,-72.62537518E-03
-6.94580E-06,-863.73531201E-03,-74.04442533E-03
-6.93580E-06,-880.30641438E-03,-74.85970417E-03
-6.92580E-06,-908.58887703E-03,-75.34142129E-03
-6.91580E-06,-937.98943088E-03,-76.65268667E-03
-6.90580E-06,-963.97079021E-03,-77.13177021E-03
-6.89580E-06,-990.22510015E-03,-77.01363955E-03
-6.88580E-06,-1.02050388635E+00,-77.39259314E-03
-6.87580E-06,-1.04492199850E+00,-77.47438787E-03
-6.86580E-06,-1.07024465058E+00,-77.98122723E-03
-6.85580E-06,-1.09897309840E+00,-78.76300159E-03
-6.84580E-06,-1.11931766197E+00,-79.69266094E-03
-6.83580E-06,-1.15015064119E+00,-80.50341980E-03
-6.82580E-06,-1.17343922324E+00,-81.24160761E-03
-6.81580E-06,-1.19025440571E+00,-81.13049105E-03
-6.80580E-06,-1.22322453698E+00,-81.64862703E-03
-6.79580E-06,-1.25094359142E+00,-82.07217538E-03
-6.78580E-06,-1.27416989083E+00,-82.30649191E-03
-6.77580E-06,-1.29786377175E+00,-83.13210815E-03
-6.76580E-06,-1.32162304473E+00,-84.57116319E-03
-6.75580E-06,-1.34475871865E+00,-85.26974451E-03
-6.74580E-06,-1.36597245014E+00,-85.88690896E-03
-6.73580E-06,-1.39624514942E+00,-86.50801011E-03
-6.72580E-06,-1.41232305995E+00,-87.19331515E-03
-6.71580E-06,-1.43483121506E+00,-87.41529200E-03
-6.70580E-06,-1.46177534530E+00,-87.98489737E-03
-6.69580E-06,-1.47907101810E+00,-87.12475431E-03
-6.68580E-06,-1.50442989022E+00,-87.32151375E-03
-6.67580E-06,-1.52628414356E+00,-87.21980742E-03
-6.66580E-06,-1.54800482371E+00,-87.71871022E-03
-6.65580E-06,-1.57568256997E+00,-86.97346214E-03
-6.64580E-06,-1.59480275668E+00,-86.81109761E-03
-6.63580E-06,-1.61059835065E+00,-86.05422501E-03
-6.62580E-06,-1.63219685883E+00,-87.30316440E-03
-6.61580E-06,-1.65370730444E+00,-87.77323156E-03
-6.60580E-06,-1.67762604360E+00,-88.26212297E-03
-6.59580E-06,-1.69374254864E+00,-89.05087939E-03
-6.58580E-06,-1.71936847290E+00,-89.68707348E-03
-6.57580E-06,-1.73367667070E+00,-90.09451032E-03
-6.56580E-06,-1.75425521347E+00,-90.38448831E-03
-6.55580E-06,-1.77761917542E+00,-90.77993031E-03
-6.54580E-06,-1.79572020706E+00,-90.09647396E-03
-6.53580E-06,-1.80722985074E+00,-89.84333601E-03
-6.52580E-06,-1.82813290397E+00,-89.31099563E-03
-6.51580E-06,-1.83789897290E+00,-89.23697540E-03
-6.50580E-06,-1.86572693246E+00,-90.29059699E-03
-6.49580E-06,-1.88375590091E+00,-91.72187941E-03
-6.48580E-06,-1.89977699384E+00,-92.07955138E-03
-6.47580E-06,-1.92015306620E+00,-93.09487810E-03
-6.46580E-06,-1.93145797808E+00,-92.86487236E-03
-6.45580E-06,-1.95112299186E+00,-92.19159324E-03
-6.44580E-06,-1.96533198971E+00,-91.80138259E-03
-6.43580E-06,-1.98401276815E+00,-92.29976716E-03
-6.42580E-06,-1.99529640405E+00,-92.07004409E-03
-6.41580E-06,-2.00073579870E+00,-91.86624794E-03
-6.40580E-06,-2.02213696231E+00,-92.19954770E-03
-6.39580E-06,-2.03424683728E+00,-92.48947575E-03
-6.38580E-06,-2.04336919956E+00,-93.37416534E-03
-6.37580E-06,-2.05799329567E+00,-92.59867390E-03
-6.36580E-06,-2.07624830960E+00,-92.79841084E-03
-6.35580E-06,-2.08902838725E+00,-91.85900582E-03
-6.34580E-06,-2.10691754483E+00,-91.98738815E-03
-6.33580E-06,-2.11679790854E+00,-91.75221794E-03
-6.32580E-06,-2.12271202695E+00,-92.31454633E-03
-6.31580E-06,-2.13510911817E+00,-92.94634861E-03
-6.30580E-06,-2.14627900581E+00,-93.10727621E-03
-6.29580E-06,-2.15951189051E+00,-93.46461368E-03
-6.28580E-06,-2.17365067199E+00,-93.43144558E-03
-6.27580E-06,-2.18620276313E+00,-92.92618071E-03
-6.26580E-06,-2.19131581936E+00,-92.16848459E-03
-6.25580E-06,-2.20297036205E+00,-91.49381753E-03
-6.24580E-06,-2.20616884422E+00,-90.24829285E-03
-6.23580E-06,-2.22620308759E+00,-90.13761160E-03
-6.22580E-06,-2.22712824393E+00,-89.63807938E-03
-6.21580E-06,-2.23769081457E+00,-90.63263705E-03
-6.20580E-06,-2.23975292592E+00,-90.24118170E-03
-6.19580E-06,-2.24725837053E+00,-89.79600215E-03
-6.18580E-06,-2.24626296012E+00,-88.56826712E-03
-6.17580E-06,-2.25758624585E+00,-88.12785253E-03
-6.16580E-06,-2.27343298508E+00,-88.18270931E-03
-6.15580E-06,-2.27638397620E+00,-87.73397842E-03
-6.14580E-06,-2.28017530243E+00,-87.87735287E-03
-6.13580E-06,-2.28492985186E+00,-88.11427001E-03
-6.12580E-06,-2.28989834829E+00,-87.93140497E-03
-6.11580E-06,-2.29609244649E+00,-87.26052387E-03
-6.10580E-06,-2.30291798325E+00,-87.32036892E-03
-6.09580E-06,-2.30628746473E+00,-86.52096226E-03
-6.08580E-06,-2.31799158855E+00,-86.28013291E-03
-6.07580E-06,-2.32013495944E+00,-86.17769540E-03
-6.06580E-06,-2.31820930454E+00,-85.51562244E-03
-6.05580E-06,-2.31996245254E+00,-85.21212035E-03
-6.04580E-06,-2.32306716212E+00,-84.31704059E-03
-6.03580E-06,-2.32238412601E+00,-83.93103049E-03
-6.02580E-06,-2.32284162546E+00,-82.60216014E-03
-6.01580E-06,-2.32664459789E+00,-82.14143725E-03
-6.00580E-06,-2.32611838967E+00,-80.24566860E-03
-5.99580E-06,-2.32494323589E+00,-79.74828282E-03
-5.98580E-06,-2.32394388688E+00,-79.04008773E-03
-5.97580E-06,-2.32484842682E+00,-79.05830046E-03
-5.96580E-06,-2.32360134177E+00,-78.59844538E-03
-5.95580E-06,-2.32059978958E+00,-78.35424184E-03
-5.94580E-06,-2.32372268457E+00,-79.01327510E-03
-5.93580E-06,-2.32195994448E+00,-78.68561093E-03
-5.92580E-06,-2.32115010054E+00,-77.89295078E-03
-5.91580E-06,-2.32099619363E+00,-76.77103971E-03
-5.90580E-06,-2.31487971788E+00,-76.69856665E-03
-5.89580E-06,-2.31831393184E+00,-75.51231224E-03
-5.88580E-06,-2.30967377477E+00,-75.29352396E-03
-5.87580E-06,-2.31154106678E+00,-73.56934635E-03
-5.86580E-06,-2.30038348492E+00,-73.10118441E-03
-5.85580E-06,-2.30115004195E+00,-72.47358551E-03
-5.84580E-06,-2.28717945187E+00,-71.94381746E-03
-5.83580E-06,-2.27907441670E+00,-71.25072473E-03
-5.82580E-06,-2.27835308761E+00,-70.43026165E-03
-5.81580E-06,-2.27340179664E+00,-69.42304298E-03
-5.80580E-06,-2.26645165690E+00,-67.89554753E-03
-5.79580E-06,-2.26184498399E+00,-67.13649739E-03
-5.78580E-06,-2.25148422419E+00,-65.35255294E-03
-5.77580E-06,-2.24075610046E+00,-64.83458373E-03
-5.76580E-06,-2.24169505133E+00,-63.28805675E-03
-5.75580E-06,-2.23722805737E+00,-63.35676930E-03
-5.74580E-06,-2.22872914338E+00,-63.21286436E-03
-5.73580E-06,-2.22198422541E+00,-62.09864015E-03
-5.72580E-06,-2.20437229625E+00,-61.94178118E-03
-5.71580E-06,-2.19859798871E+00,-60.10057815E-03
-5.70580E-06,-2.18876010158E+00,-59.67196617E-03
-5.69580E-06,-2.17226656513E+00,-57.81882391E-03
-5.68580E-06,-2.16521594398E+00,-58.05348342E-03
-5.67580E-06,-2.15311543497E+00,-57.08139555E-03
-5.66580E-06,-2.13584882112E+00,-56.93220648E-03
-5.65580E-06,-2.12887621817E+00,-56.51020531E-03
-5.64580E-06,-2.11861185042E+00,-56.86737788E-03
-5.63580E-06,-2.11017553944E+00,-55.40218204E-03
-5.62580E-06,-2.08935591291E+00,-54.22962699E-03
-5.61580E-06,-2.08396525136E+00,-52.01465179E-03
-5.60580E-06,-2.07290950774E+00,-50.79795898E-03
-5.59580E-06,-2.05771548306E+00,-49.33928538E-03
-5.58580E-06,-2.04252183527E+00,-48.02437821E-03
-5.57580E-06,-2.03104040252E+00,-46.69912044E-03
-5.56580E-06,-2.01614567373E+00,-46.33106961E-03
-5.55580E-06,-1.99753611045E+00,-45.87448508E-03
-5.54580E-06,-1.99495171062E+00,-43.97894257E-03
-5.53580E-06,-1.96702850856E+00,-43.78392818E-03
-5.52580E-06,-1.96051314123E+00,-42.59707073E-03
-5.51580E-06,-1.94394075741E+00,-41.54399658E-03
-5.50580E-06,-1.92307315157E+00,-40.87185946E-03
-5.49580E-06,-1.90973803288E+00,-40.46222813E-03
-5.48580E-06,-1.89164542495E+00,-39.06457833E-03
-5.47580E-06,-1.88126832656E+00,-38.69443005E-03
-5.46580E-06,-1.85981000614E+00,-37.80920150E-03
-5.45580E-06,-1.84359690176E+00,-37.49497757E-03
-5.44580E-06,-1.81606290497E+00,-36.28849873E-03
-5.43580E-06,-1.79918189700E+00,-34.75070545E-03
-5.42580E-06,-1.79122573713E+00,-33.56507292E-03
-5.41580E-06,-1.76546311142E+00,-32.93593344E-03
-5.40580E-06,-1.74396186215E+00,-31.84222953E-03
-5.39580E-06,-1.72293337677E+00,-31.01098335E-03
-5.38580E-06,-1.70642003425E+00,-29.26348696E-03
-5.37580E-06,-1.68788328795E+00,-27.93013151E-03
-5.36580E-06,-1.66513453905E+00,-26.46703782E-03
-5.35580E-06,-1.65013684131E+00,-25.29351225E-03
-5.34580E-06,-1.62844817877E+00,-23.82154635E-03
-5.33580E-06,-1.60222364389E+00,-22.54288278E-03
-5.32580E-06,-1.59106815382E+00,-21.42681365E-03
-5.31580E-06,-1.55960893725E+00,-19.70761299E-03
-5.30580E-06,-1.54330256909E+00,-18.67558397E-03
-5.29580E-06,-1.51904071947E+00,-17.62210466E-03
-5.28580E-06,-1.49167875845E+00,-16.88512858E-03
-5.27580E-06,-1.47043924704E+00,-15.82532207E-03
-5.26580E-06,-1.44421386414E+00,-15.05931248E-03
-5.25580E-06,-1.42679854459E+00,-14.51917027E-03
-5.24580E-06,-1.40415069169E+00,-13.82366162E-03
-5.23580E-06,-1.38277221743E+00,-12.12582928E-03
-5.22580E-06,-1.35707490841E+00,-11.82828503E-03
-5.21580E-06,-1.33249559635E+00,-9.58074666E-03
-5.20580E-06,-1.30327250563E+00,-10.03778629E-03
-5.19580E-06,-1.27774772235E+00,-7.99300006E-03
-5.18580E-06,-1.25805087941E+00,-7.11919722E-03
-5.17580E-06,-1.23173023516E+00,-5.76900943E-03
-5.16580E-06,-1.20373350001E+00,-5.31766381E-03
-5.15580E-06,-1.18148110890E+00,-3.39971933E-03
-5.14580E-06,-1.16178909027E+00,-1.76237465E-03
-5.13580E-06,-1.13110741735E+00,-110.08307E-06
-5.12580E-06,-1.10441398181E+00,+1.57057490E-03
-5.11580E-06,-1.07628663214E+00,+2.61337760E-03
-5.10580E-06,-1.05172950062E+00,+3.63242055E-03
-5.09580E-06,-1.02557929032E+00,+4.61485336E-03
-5.08580E-06,-1.00149791903E+00,+6.18724130E-03
-5.07580E-06,-977.86061073E-03,+6.57924316E-03
-5.06580E-06,-945.74195195E-03,+7.91065005E-03
-5.05580E-06,-919.89052873E-03,+8.94449007E-03
-5.04580E-06,-892.25343108E-03,+10.24189591E-03
-5.03580E-06,-873.21810329E-03,+11.28567383E-03
-5.02580E-06,-848.16404863E-03,+12.30214161E-03
-5.01580E-06,-810.18083373E-03,+12.77540017E-03
-5.00580E-06,-788.10993856E-03,+14.52534641E-03
-4.99580E-06,-759.48170831E-03,+16.02859120E-03
-4.98580E-06,-735.57071444E-03,+16.97547580E-03
-4.97580E-06,-703.17565642E-03,+18.71866422E-03
-4.96580E-06,-677.82575451E-03,+20.03874528E-03
-4.95580E-06,-651.74184083E-03,+22.34551058E-03
-4.94580E-06,-620.57048124E-03,+23.68613831E-03
-4.93580E-06,-588.55356649E-03,+24.87110561E-03
-4.92580E-06,-563.00846832E-03,+24.40828716E-03
-4.91580E-06,-539.47782257E-03,+25.90799946E-03
-4.90580E-06,-504.55086683E-03,+26.30646326E-03
-4.89580E-06,-471.63033553E-03,+27.81785567E-03
-4.88580E-06,-447.22064710E-03,+28.30389301E-03
-4.87580E-06,-414.17219611E-03,+28.90813262E-03
-4.86580E-06,-389.71066515E-03,+29.99883547E-03
-4.85580E-06,-361.94596818E-03,+31.66766163E-03
-4.84580E-06,-332.60185503E-03,+33.10189329E-03
-4.83580E-06,-308.36951665E-03,+34.44824142E-03
-4.82580E-06,-270.68995082E-03,+34.74623606E-03
-4.81580E-06,-246.70116490E-03,+34.76141757E-03
-4.80580E-06,-221.32056452E-03,+35.40560382E-03
-4.79580E-06,-190.30495865E-03,+35.43299216E-03
-4.78580E-06,-169.40141544E-03,+36.12561754E-03
-4.77580E-06,-140.24192651E-03,+36.89245913E-03
-4.76580E-06,-111.89548517E-03,+37.55527647E-03
-4.75580E-06,-77.60311510E-03,+38.84455353E-03
-4.74580E-06,-51.05478586E-03,+39.52012985E-03
-4.73580E-06,-23.41834778E-03,+41.36788528E-03
-4.72580E-06,+9.42555984E-03,+41.47660099E-03
-4.71580E-06,+32.33677127E-03,+42.31612765E-03
-4.70580E-06,+69.16803056E-03,+42.34918080E-03
-4.69580E-06,+91.94348279E-03,+44.71561117E-03
-4.68580E-06,+118.22442068E-03,+45.59434292E-03
-4.67580E-06,+144.48753123E-03,+48.50302896E-03
-4.66580E-06,+169.04677338E-03,+49.21769070E-03
-4.65580E-06,+200.63129019E-03,+50.84588521E-03
-4.64580E-06,+231.88370202E-03,+50.90137235E-03
-4.63580E-06,+259.16649530E-03,+51.98996080E-03
-4.62580E-06,+284.21222048E-03,+50.48752729E-03
-4.61580E-06,+322.55695737E-03,+51.85982400E-03
-4.60580E-06,+351.70702382E-03,+52.00124611E-03
-4.59580E-06,+373.28263535E-03,+53.19045447E-03
-4.58580E-06,+411.89035387E-03,+54.07473983E-03
-4.57580E-06,+430.84257533E-03,+55.34000745E-03
-4.56580E-06,+454.40548367E-03,+56.83876996E-03
-4.55580E-06,+487.00086377E-03,+57.38498213E-03
-4.54580E-06,+517.86388188E-03,+58.47652924E-03
-4.53580E-06,+545.48318987E-03,+59.23950196E-03
-4.52580E-06,+566.97213337E-03,+60.70528482E-03
-4.51580E-06,+599.94096434E-03,+62.24133117E-03
-4.50580E-06,+634.43768931E-03,+64.21347568E-03
-4.49580E-06,+654.61114051E-03,+65.50582635E-03
-4.48580E-06,+683.97941291E-03,+65.93571415E-03
-4.47580E-06,+705.19744106E-03,+66.32494956E-03
-4.46580E-06,+737.58982309E-03,+65.70800278E-03
-4.45580E-06,+768.77493950E-03,+65.75767436E-03
-4.44580E-06,+790.34753585E-03,+65.64262956E-03
-4.43580E-06,+827.27931423E-03,+66.91005870E-03
-4.42580E-06,+850.95193802E-03,+68.25082871E-03
-4.41580E-06,+877.72380634E-03,+69.93749729E-03
-4.40580E-06,+901.88630525E-03,+71.01842431E-03
-4.39580E-06,+924.46049315E-03,+72.49567151E-03
-4.38580E-06,+957.12633461E-03,+72.56581251E-03
-4.37580E-06,+983.27989932E-03,+72.26130693E-03
-4.36580E-06,+1.01068331928E+00,+72.70183930E-03
-4.35580E-06,+1.03263737560E+00,+73.31423502E-03
-4.34580E-06,+1.05738408756E+00,+74.30184927E-03
-4.33580E-06,+1.08098585425E+00,+75.92708794E-03
-4.32580E-06,+1.10640135552E+00,+76.23701805E-03
-4.31580E-06,+1.13096613810E+00,+77.22376542E-03
-4.30580E-06,+1.15585829558E+00,+77.18171380E-03
-4.29580E-06,+1.17932718634E+00,+76.92677050E-03
-4.28580E-06,+1.21067908079E+00,+77.07100429E-03
-4.27580E-06,+1.23182129560E+00,+78.09647620E-03
-4.26580E-06,+1.25849353054E+00,+79.83107415E-03
-4.25580E-06,+1.27829409622E+00,+80.71881379E-03
-4.24580E-06,+1.30352715929E+00,+81.96894513E-03
-4.23580E-06,+1.32721672471E+00,+82.49955083E-03
-4.22580E-06,+1.34812974694E+00,+82.72946046E-03
-4.21580E-06,+1.36802393445E+00,+82.85956334E-03
-4.20580E-06,+1.39383806348E+00,+83.31345775E-03
-4.19580E-06,+1.41396215968E+00,+82.74246161E-03
-4.18580E-06,+1.43865757563E+00,+82.57315271E-03
-4.17580E-06,+1.46140255553E+00,+82.42276698E-03
-4.16580E-06,+1.48521630934E+00,+83.24512399E-03
-4.15580E-06,+1.50480473714E+00,+83.48652906E-03
-4.14580E-06,+1.52693090461E+00,+84.05165875E-03
-4.13580E-06,+1.54622597269E+00,+83.60548890E-03
-4.12580E-06,+1.56354719927E+00,+83.86521128E-03
-4.11580E-06,+1.58894986711E+00,+83.55173267E-03
-4.10580E-06,+1.61126791412E+00,+84.32174210E-03
-4.09580E-06,+1.63256190636E+00,+84.91115261E-03
-4.08580E-06,+1.64868204848E+00,+85.66021585E-03
-4.07580E-06,+1.67014626737E+00,+86.49797392E-03
-4.06580E-06,+1.69436038266E+00,+86.56098209E-03
-4.05580E-06,+1.70914686592E+00,+85.92195842E-03
-4.04580E-06,+1.72679917986E+00,+85.47596665E-03
-4.03580E-06,+1.75072325215E+00,+85.21006500E-03
-4.02580E-06,+1.76017059602E+00,+85.18408815E-03
-4.01580E-06,+1.78026813966E+00,+84.86523306E-03
-4.00580E-06,+1.79650221849E+00,+84.25882250E-03
-3.99580E-06,+1.81659465514E+00,+84.51733975E-03
-3.98580E-06,+1.83522892418E+00,+84.13050895E-03
-3.97580E-06,+1.85023581827E+00,+84.21648821E-03
-3.96580E-06,+1.86439525384E+00,+83.90097810E-03
-3.95580E-06,+1.88609475224E+00,+82.82201473E-03
-3.94580E-06,+1.89712901259E+00,+82.98726443E-03
-3.93580E-06,+1.90681389737E+00,+83.68011783E-03
-3.92580E-06,+1.92584683185E+00,+85.17146013E-03
-3.91580E-06,+1.94101948633E+00,+85.00083961E-03
-3.90580E-06,+1.95171544169E+00,+85.77368710E-03
-3.89580E-06,+1.96650380945E+00,+85.45084442E-03
-3.88580E-06,+1.98163803903E+00,+86.92867487E-03
-3.87580E-06,+1.99439670879E+00,+85.17270201E-03
-3.86580E-06,+2.01326998864E+00,+86.73293589E-03
-3.85580E-06,+2.02149593317E+00,+85.88397920E-03
-3.84580E-06,+2.03222733593E+00,+86.75875539E-03
-3.83580E-06,+2.05279707810E+00,+86.64856599E-03
-3.82580E-06,+2.06350021339E+00,+87.60320153E-03
-3.81580E-06,+2.06954860225E+00,+86.47057803E-03
-3.80580E-06,+2.07888378083E+00,+86.19049742E-03
-3.79580E-06,+2.09994910814E+00,+85.61191807E-03
-3.78580E-06,+2.10126721990E+00,+85.28447156E-03
-3.77580E-06,+2.11767242995E+00,+84.84348973E-03
-3.76580E-06,+2.12625674936E+00,+85.28165329E-03
-3.75580E-06,+2.13688633273E+00,+84.92661962E-03
-3.74580E-06,+2.14293986626E+00,+84.74752169E-03
-3.73580E-06,+2.15666511361E+00,+84.50356690E-03
-3.72580E-06,+2.16034406727E+00,+83.97309782E-03
-3.71580E-06,+2.17064401433E+00,+83.12861964E-03
-3.70580E-06,+2.17801750643E+00,+82.52157118E-03
-3.69580E-06,+2.18507125584E+00,+82.33201995E-03
-3.68580E-06,+2.18925423718E+00,+82.25376336E-03
-3.67580E-06,+2.19512471063E+00,+82.89007241E-03
-3.66580E-06,+2.20733666883E+00,+83.01364739E-03
-3.65580E-06,+2.21688798043E+00,+84.09071025E-03
-3.64580E-06,+2.22107458001E+00,+84.89229067E-03
-3.63580E-06,+2.21969437406E+00,+84.60651040E-03
-3.62580E-06,+2.22650221540E+00,+83.96067427E-03
-3.61580E-06,+2.22498491226E+00,+82.14012628E-03
-3.60580E-06,+2.23151277380E+00,+81.65752438E-03
-3.59580E-06,+2.24132516368E+00,+80.15547248E-03
-3.58580E-06,+2.25105953537E+00,+78.68373461E-03
-3.57580E-06,+2.25046167854E+00,+76.13478406E-03
-3.56580E-06,+2.25673584904E+00,+76.01559525E-03
-3.55580E-06,+2.25726053083E+00,+75.46462755E-03
-3.54580E-06,+2.26217456527E+00,+75.30326180E-03
-3.53580E-06,+2.25801272799E+00,+74.56502028E-03
-3.52580E-06,+2.26279742938E+00,+74.62275846E-03
-3.51580E-06,+2.26303406573E+00,+73.70146722E-03
-3.50580E-06,+2.26376353585E+00,+74.29070246E-03
-3.49580E-06,+2.26384730176E+00,+74.26167555E-03
-3.48580E-06,+2.26524957518E+00,+74.29606480E-03
-3.47580E-06,+2.26672264916E+00,+73.80038449E-03
-3.46580E-06,+2.26719166289E+00,+73.85034534E-03
-3.45580E-06,+2.25866892886E+00,+73.47948943E-03
-3.44580E-06,+2.26253608727E+00,+72.44467607E-03
-3.43580E-06,+2.26152241608E+00,+71.42750348E-03
-3.42580E-06,+2.26075399339E+00,+69.96799600E-03
-3.41580E-06,+2.25610473084E+00,+68.33387946E-03
-3.40580E-06,+2.25398028030E+00,+67.61825944E-03
-3.39580E-06,+2.25263084820E+00,+66.48273571E-03
-3.38580E-06,+2.24525925945E+00,+66.33372566E-03
-3.37580E-06,+2.24316501741E+00,+65.98687731E-03
-3.36580E-06,+2.22905195932E+00,+65.72446952E-03
-3.35580E-06,+2.22941517736E+00,+64.48853504E-03
-3.34580E-06,+2.22824117313E+00,+63.95097083E-03
-3.33580E-06,+2.22232415259E+00,+62.70940831E-03
-3.32580E-06,+2.21827953105E+00,+62.11101723E-03
-3.31580E-06,+2.21731112549E+00,+61.06012156E-03
-3.30580E-06,+2.20633545417E+00,+61.05918779E-03
-3.29580E-06,+2.19441101375E+00,+59.73729197E-03
-3.28580E-06,+2.19006012368E+00,+59.48493985E-03
-3.27580E-06,+2.18258513255E+00,+57.15851642E-03
-3.26580E-06,+2.18501149842E+00,+55.65691962E-03
-3.25580E-06,+2.16718822287E+00,+54.67011760E-03
-3.24580E-06,+2.15925886055E+00,+55.38151163E-03
-3.23580E-06,+2.14909836630E+00,+54.67851963E-03
-3.22580E-06,+2.14235947873E+00,+54.94197332E-03
-3.21580E-06,+2.13176686921E+00,+54.93208065E-03
-3.20580E-06,+2.12277463147E+00,+54.57063875E-03
-3.19580E-06,+2.10412479648E+00,+54.55247596E-03
-3.18580E-06,+2.09853190951E+00,+53.16614163E-03
-3.17580E-06,+2.09208591054E+00,+51.37432845E-03
-3.16580E-06,+2.07508154336E+00,+50.08054839E-03
-3.15580E-06,+2.06766091998E+00,+48.47353469E-03
-3.14580E-06,+2.05872112781E+00,+47.39369691E-03
-3.13580E-06,+2.04144765439E+00,+46.10351435E-03
-3.12580E-06,+2.02865839924E+00,+46.27837875E-03
-3.11580E-06,+2.01780529563E+00,+45.01939593E-03
-3.10580E-06,+2.00120373979E+00,+44.59264488E-03
-3.09580E-06,+1.99054615280E+00,+43.20814888E-03
-3.08580E-06,+1.97855486925E+00,+41.52611805E-03
-3.07580E-06,+1.96701109732E+00,+40.83137921E-03
-3.06580E-06,+1.95170313592E+00,+39.47489155E-03
-3.05580E-06,+1.93887507897E+00,+39.22686436E-03
-3.04580E-06,+1.91635608800E+00,+38.74960124E-03
-3.03580E-06,+1.90236748212E+00,+38.71118387E-03
-3.02580E-06,+1.89181717957E+00,+37.82215900E-03
-3.01580E-06,+1.87322755427E+00,+39.13163787E-03
-3.00580E-06,+1.85392253605E+00,+36.85824420E-03
-2.99580E-06,+1.84283841190E+00,+36.26114117E-03
-2.98580E-06,+1.82269006221E+00,+34.00614491E-03
-2.97580E-06,+1.80764881374E+00,+33.12888966E-03
-2.96580E-06,+1.78402575223E+00,+31.20163577E-03
-2.95580E-06,+1.77625120138E+00,+30.33206362E-03
-2.94580E-06,+1.75131342022E+00,+27.98161756E-03
-2.93580E-06,+1.73541992661E+00,+26.29059013E-03
-2.92580E-06,+1.72315968759E+00,+25.20153057E-03
-2.91580E-06,+1.70257703661E+00,+24.63807430E-03
-2.90580E-06,+1.68313793639E+00,+23.17887682E-03
-2.89580E-06,+1.66221716888E+00,+21.34721877E-03
-2.88580E-06,+1.63695674291E+00,+20.44501561E-03
-2.87580E-06,+1.62127565101E+00,+20.04690986E-03
-2.86580E-06,+1.59409565706E+00,+19.16679961E-03
-2.85580E-06,+1.57171334869E+00,+18.17351774E-03
-2.84580E-06,+1.55377898201E+00,+17.43374129E-03
-2.83580E-06,+1.53828716904E+00,+16.92631774E-03
-2.82580E-06,+1.51504468180E+00,+16.28854255E-03
-2.81580E-06,+1.49267068406E+00,+14.96894204E-03
-2.80580E-06,+1.47296187457E+00,+13.55664404E-03
-2.79580E-06,+1.45147796268E+00,+12.60539683E-03
-2.78580E-06,+1.43344418875E+00,+11.15917788E-03
-2.77580E-06,+1.41496866978E+00,+9.82511103E-03
-2.76580E-06,+1.38645430087E+00,+9.04993053E-03
-2.75580E-06,+1.36376527169E+00,+8.05141258E-03
-2.74580E-06,+1.33779420172E+00,+6.45872955E-03
-2.73580E-06,+1.31065161505E+00,+4.94500036E-03
-2.72580E-06,+1.29148237487E+00,+3.65052774E-03
-2.71580E-06,+1.26683203610E+00,+1.83140726E-03
-2.70580E-06,+1.24825405700E+00,+166.43772E-06
-2.69580E-06,+1.21967601092E+00,-1.45468427E-03
-2.68580E-06,+1.19021036653E+00,-1.80981310E-03
-2.67580E-06,+1.16675958578E+00,-2.40178841E-03
-2.66580E-06,+1.14157314518E+00,-3.31523543E-03
-2.65580E-06,+1.10928079227E+00,-4.03280589E-03
-2.64580E-06,+1.09090234376E+00,-4.20926647E-03
-2.63580E-06,+1.06453078039E+00,-5.26039958E-03
-2.62580E-06,+1.04515119260E+00,-6.89675585E-03
-2.61580E-06,+1.01847369991E+00,-7.48944632E-03
-2.60580E-06,+990.88897244E-03,-9.40268426E-03
-2.59580E-06,+967.31381486E-03,-9.98843036E-03
-2.58580E-06,+934.36999118E-03,-10.59438204E-03
-2.57580E-06,+907.29006405E-03,-11.41518151E-03
-2.56580E-06,+887.02790956E-03,-12.81224617E-03
-2.55580E-06,+857.86932519E-03,-13.07856241E-03
-2.54580E-06,+828.77481373E-03,-14.82372391E-03
-2.53580E-06,+805.95200408E-03,-15.96632959E-03
-2.52580E-06,+777.11578184E-03,-18.22757485E-03
-2.51580E-06,+746.48246513E-03,-19.27695444E-03
-2.50580E-06,+711.70875671E-03,-20.69968030E-03
-2.49580E-06,+687.47577760E-03,-21.58559576E-03
-2.48580E-06,+663.80206081E-03,-22.90308374E-03
-2.47580E-06,+637.35085857E-03,-23.70090554E-03
-2.46580E-06,+611.57055628E-03,-24.47898533E-03
-2.45580E-06,+584.81789098E-03,-25.29607705E-03
-2.44580E-06,+553.22008846E-03,-27.42052005E-03
-2.43580E-06,+524.62860591E-03,-29.12270558E-03
-2.42580E-06,+495.56379414E-03,-30.16182879E-03
-2.41580E-06,+468.68194654E-03,-31.82674179E-03
-2.40580E-06,+441.82161990E-03,-33.07778711E-03
-2.39580E-06,+411.50446533E-03,-34.39824223E-03
-2.38580E-06,+383.14515287E-03,-34.77126343E-03
-2.37580E-06,+357.60156230E-03,-35.19700062E-03
-2.36580E-06,+326.52026285E-03,-35.51280282E-03
-2.35580E-06,+298.29299713E-03,-36.76518425E-03
-2.34580E-06,+266.33482216E-03,-37.07236393E-03
-2.33580E-06,+227.52668733E-03,-37.88139189E-03
-2.32580E-06,+204.84760830E-03,-39.55490950E-03
-2.31580E-06,+177.39854581E-03,-40.34682810E-03
-2.30580E-06,+146.21678380E-03,-41.61248581E-03
-2.29580E-06,+121.92772204E-03,-42.43191902E-03
-2.28580E-06,+93.66246485E-03,-43.87156579E-03
-2.27580E-06,+70.46850342E-03,-44.49691743E-03
-2.26580E-06,+38.59620500E-03,-46.04256341E-03
-2.25580E-06,+10.53055378E-03,-47.81923841E-03
-2.24580E-06,-12.69763012E-03,-48.83435784E-03
-2.23580E-06,-38.29278054E-03,-49.82557901E-03
-2.22580E-06,-70.99058308E-03,-50.31645103E-03
-2.21580E-06,-97.90371333E-03,-51.07633694E-03
-2.20580E-06,-127.23714138E-03,-51.56455182E-03
-2.19580E-06,-156.15697877E-03,-51.56477796E-03
-2.18580E-06,-183.68980718E-03,-51.65874937E-03
-2.17580E-06,-215.88013339E-03,-53.52722295E-03
-2.16580E-06,-237.61877280E-03,-55.04960858E-03
-2.15580E-06,-266.40684613E-03,-55.73652393E-03
-2.14580E-06,-295.07664839E-03,-56.38883613E-03
-2.13580E-06,-321.87252522E-03,-57.39125876E-03
-2.12580E-06,-346.10260220E-03,-58.06276457E-03
-2.11580E-06,-379.83361816E-03,-59.02171183E-03
-2.10580E-06,-410.60015000E-03,-58.75536827E-03
-2.09580E-06,-441.69737346E-03,-59.85256133E-03
-2.08580E-06,-474.09033969E-03,-61.00756888E-03
-2.07580E-06,-496.41786571E-03,-62.12967217E-03
-2.06580E-06,-526.96681347E-03,-63.66057856E-03
-2.05580E-06,-554.06390837E-03,-64.72153367E-03
-2.04580E-06,-584.18181503E-03,-65.95592569E-03
-2.03580E-06,-612.90696498E-03,-66.65175659E-03
-2.02580E-06,-634.02023391E-03,-67.71880146E-03
-2.01580E-06,-662.64429942E-03,-67.73933777E-03
-2.00580E-06,-695.35261745E-03,-68.89328907E-03
-1.99580E-06,-719.69991018E-03,-68.77625518E-03
-1.98580E-06,-745.92806330E-03,-69.80490812E-03
-1.97580E-06,-777.72854352E-03,-69.94493288E-03
-1.96580E-06,-799.98990484E-03,-70.93531262E-03
-1.95580E-06,-837.52739840E-03,-70.18547956E-03
-1.94580E-06,-864.50656145E-03,-71.20377059E-03
-1.93580E-06,-887.98885099E-03,-72.63462995E-03
-1.92580E-06,-909.29937027E-03,-73.77590517E-03
-1.91580E-06,-938.90654042E-03,-74.36417556E-03
-1.90580E-06,-968.98185743E-03,-75.41396031E-03
-1.89580E-06,-993.19910099E-03,-76.67284514E-03
-1.88580E-06,-1.02496890159E+00,-77.75242380E-03
-1.87580E-06,-1.04568109292E+00,-79.04616241E-03
-1.86580E-06,-1.07439616082E+00,-79.39810550E-03
-1.85580E-06,-1.09516377522E+00,-80.96830837E-03
-1.84580E-06,-1.11714990568E+00,-82.13211182E-03
-1.83580E-06,-1.14993207717E+00,-83.21862920E-03
-1.82580E-06,-1.17301541860E+00,-83.86777545E-03
-1.81580E-06,-1.19505697214E+00,-83.22910795E-03
-1.80580E-06,-1.21813637497E+00,-83.01054299E-03
-1.79580E-06,-1.25082475501E+00,-82.47419899E-03
-1.78580E-06,-1.27519905259E+00,-82.89414323E-03
-1.77580E-06,-1.29452741974E+00,-83.23380035E-03
-1.76580E-06,-1.32309334850E+00,-84.96014702E-03
-1.75580E-06,-1.34525428495E+00,-85.91938073E-03
-1.74580E-06,-1.36426901519E+00,-86.66257754E-03
-1.73580E-06,-1.39186222289E+00,-87.41959430E-03
-1.72580E-06,-1.41552018529E+00,-87.48608785E-03
-1.71580E-06,-1.44199076016E+00,-87.26178460E-03
-1.70580E-06,-1.46107167395E+00,-86.96320200E-03
-1.69580E-06,-1.48360447828E+00,-87.43535153E-03
-1.68580E-06,-1.50913353937E+00,-87.77410974E-03
-1.67580E-06,-1.53180760564E+00,-88.31602525E-03
-1.66580E-06,-1.55153041695E+00,-88.47558942E-03
-1.65580E-06,-1.57594310174E+00,-89.59301727E-03
-1.64580E-06,-1.59420791506E+00,-88.93202790E-03
-1.63580E-06,-1.61412905088E+00,-88.91291439E-03
-1.62580E-06,-1.63105577677E+00,-88.07200733E-03
-1.61580E-06,-1.65576606140E+00,-88.39231348E-03
-1.60580E-06,-1.67725072708E+00,-88.71393784E-03
-1.59580E-06,-1.70069455403E+00,-89.76685274E-03
-1.58580E-06,-1.71450190894E+00,-90.78139363E-03
-1.57580E-06,-1.73094036153E+00,-92.41476956E-03
-1.56580E-06,-1.75233813304E+00,-93.02142981E-03
-1.55580E-06,-1.77267453673E+00,-92.57123279E-03
-1.54580E-06,-1.79288533867E+00,-91.93375723E-03
-1.53580E-06,-1.80381335105E+00,-91.06450734E-03
-1.52580E-06,-1.83528327157E+00,-90.57938869E-03
-1.51580E-06,-1.84998574393E+00,-90.37055622E-03
-1.50580E-06,-1.86777960248E+00,-89.76934405E-03
-1.49580E-06,-1.88224639959E+00,-90.29934483E-03
-1.48580E-06,-1.90081135681E+00,-91.36823650E-03
-1.47580E-06,-1.92216653868E+00,-91.44923880E-03
-1.46580E-06,-1.92823007890E+00,-90.80883285E-03
-1.45580E-06,-1.95640173310E+00,-89.28845704E-03
-1.44580E-06,-1.96002132508E+00,-89.00181650E-03
-1.43580E-06,-1.98379090626E+00,-89.67322054E-03
-1.42580E-06,-1.99547869149E+00,-91.48832799E-03
-1.41580E-06,-2.00278505779E+00,-92.46815172E-03
-1.40580E-06,-2.02587944237E+00,-93.52679267E-03
-1.39580E-06,-2.03325894601E+00,-94.94183356E-03
-1.38580E-06,-2.04567648404E+00,-94.72781683E-03
-1.37580E-06,-2.05954378481E+00,-93.17165441E-03
-1.36580E-06,-2.07361091770E+00,-92.49710137E-03
-1.35580E-06,-2.08719624112E+00,-91.26820078E-03
-1.34580E-06,-2.09939847531E+00,-89.96001279E-03
-1.33580E-06,-2.11748333796E+00,-89.29858245E-03
-1.32580E-06,-2.12755365900E+00,-89.06897527E-03
-1.31580E-06,-2.12991271063E+00,-90.04993913E-03
-1.30580E-06,-2.15288912567E+00,-90.14279868E-03
-1.29580E-06,-2.16381033501E+00,-90.03763147E-03
-1.28580E-06,-2.17047256123E+00,-90.12271276E-03
-1.27580E-06,-2.18510762512E+00,-89.52166926E-03
-1.26580E-06,-2.19874556370E+00,-88.52891222E-03
-1.25580E-06,-2.20000342808E+00,-88.97994784E-03
-1.24580E-06,-2.21643735787E+00,-90.10754633E-03
-1.23580E-06,-2.22269854418E+00,-90.50802183E-03
-1.22580E-06,-2.23569867460E+00,-91.18488998E-03
-1.21580E-06,-2.23926197664E+00,-90.51284520E-03
-1.20580E-06,-2.23938582581E+00,-92.01685321E-03
-1.19580E-06,-2.24596601986E+00,-91.99567240E-03
-1.18580E-06,-2.24971038442E+00,-91.71280744E-03
-1.17580E-06,-2.26049886860E+00,-90.57395945E-03
-1.16580E-06,-2.26749078765E+00,-90.53148759E-03
-1.15580E-06,-2.27628658537E+00,-90.55098837E-03
-1.14580E-06,-2.27839671372E+00,-89.99966733E-03
-1.13580E-06,-2.28483019964E+00,-89.41286685E-03
-1.12580E-06,-2.29318165169E+00,-88.19645012E-03
-1.11580E-06,-2.29449147166E+00,-87.35061793E-03
-1.10580E-06,-2.30161632316E+00,-86.56425577E-03
-1.09580E-06,-2.30710324484E+00,-86.31363739E-03
-1.08580E-06,-2.31075325261E+00,-86.08517034E-03
-1.07580E-06,-2.31983690732E+00,-86.30086898E-03
-1.06580E-06,-2.31989945379E+00,-85.51010745E-03
-1.05580E-06,-2.32000457106E+00,-85.40347976E-03
-1.04580E-06,-2.32079741683E+00,-84.87412913E-03
-1.03580E-06,-2.32461077284E+00,-84.28834252E-03
-1.02580E-06,-2.32332562095E+00,-84.64142762E-03
-1.01580E-06,-2.32118368228E+00,-84.69690157E-03
-1.00580E-06,-2.33322209710E+00,-84.16302249E-03
-995.80E-09,-2.32417777186E+00,-83.28590482E-03
-985.80E-09,-2.32305685392E+00,-82.60401448E-03
-975.80E-09,-2.32691085854E+00,-81.48560198E-03
-965.80E-09,-2.32520297617E+00,-81.69929175E-03
-955.80E-09,-2.32167561150E+00,-81.36100089E-03
-945.80E-09,-2.31969204600E+00,-79.82129485E-03
-935.80E-09,-2.32076228980E+00,-78.59790171E-03
-925.80E-09,-2.32081362351E+00,-76.93361059E-03
-915.80E-09,-2.31691610584E+00,-76.82683685E-03
-905.80E-09,-2.31739084845E+00,-75.57605725E-03
-895.80E-09,-2.31842259197E+00,-74.68570475E-03
-885.80E-09,-2.31047698528E+00,-72.13295411E-03
-875.80E-09,-2.30877076127E+00,-72.11817399E-03
-865.80E-09,-2.31067022165E+00,-70.16176693E-03
-855.80E-09,-2.29602746901E+00,-69.50535029E-03
-845.80E-09,-2.29679741815E+00,-68.15562609E-03
-835.80E-09,-2.28026001060E+00,-66.57968021E-03
-825.80E-09,-2.27970355618E+00,-65.74196455E-03
-815.80E-09,-2.27684401972E+00,-65.83618095E-03
-805.80E-09,-2.26912613571E+00,-66.35536848E-03
-795.80E-09,-2.26000812662E+00,-65.80713425E-03
-785.80E-09,-2.24537225239E+00,-66.23527794E-03
-775.80E-09,-2.24196834115E+00,-64.76068976E-03
-765.80E-09,-2.23904797311E+00,-64.40520475E-03
-755.80E-09,-2.23824621366E+00,-63.77530582E-03
-745.80E-09,-2.22928111269E+00,-62.89051541E-03
-735.80E-09,-2.21946175017E+00,-61.45455944E-03
-725.80E-09,-2.20699438603E+00,-60.83533618E-03
-715.80E-09,-2.19989188467E+00,-60.06307194E-03
-705.80E-09,-2.19350997745E+00,-58.98225046E-03
-695.80E-09,-2.18630269803E+00,-59.08196676E-03
-685.80E-09,-2.16325386175E+00,-57.36178333E-03
-675.80E-09,-2.15574869982E+00,-57.13543163E-03
-665.80E-09,-2.14429608103E+00,-55.77130987E-03
-655.80E-09,-2.12721333760E+00,-54.54069910E-03
-645.80E-09,-2.11844233987E+00,-52.79482244E-03
-635.80E-09,-2.11543944969E+00,-52.64800595E-03
-625.80E-09,-2.09197353643E+00,-51.20839876E-03
-615.80E-09,-2.08202600924E+00,-51.22479577E-03
-605.80E-09,-2.07121327157E+00,-49.98090212E-03
-595.80E-09,-2.05366042140E+00,-49.22812736E-03
-585.80E-09,-2.04367392280E+00,-48.39615187E-03
-575.80E-09,-2.03002823893E+00,-47.70889638E-03
-565.80E-09,-2.01627138855E+00,-47.12051104E-03
-555.80E-09,-2.00072530205E+00,-46.17201519E-03
-545.80E-09,-1.98242865958E+00,-46.39254757E-03
-535.80E-09,-1.97129156220E+00,-45.39210838E-03
-525.80E-09,-1.95690817295E+00,-45.07915459E-03
-515.80E-09,-1.93867025142E+00,-44.46810817E-03
-505.80E-09,-1.92102217759E+00,-43.70642068E-03
-495.80E-09,-1.90799046300E+00,-41.13853093E-03
-485.80E-09,-1.88563408531E+00,-39.52828438E-03
-475.80E-09,-1.87588635254E+00,-37.78508559E-03
-465.80E-09,-1.85699358698E+00,-36.69150699E-03
-455.80E-09,-1.83392643339E+00,-35.17436969E-03
-445.80E-09,-1.81457973008E+00,-33.28555201E-03
-435.80E-09,-1.79938497044E+00,-31.91953162E-03
-425.80E-09,-1.77989674137E+00,-31.36211234E-03
-415.80E-09,-1.76622454262E+00,-29.42884125E-03
-405.80E-09,-1.74604034979E+00,-28.31684923E-03
-395.80E-09,-1.72496249057E+00,-27.89865757E-03
-385.80E-09,-1.70902050884E+00,-28.98655629E-03
-375.80E-09,-1.68866090699E+00,-29.12463342E-03
-365.80E-09,-1.66768737355E+00,-29.02988371E-03
-355.80E-09,-1.64628922514E+00,-28.17181360E-03
-345.80E-09,-1.62041662016E+00,-27.89976754E-03
-335.80E-09,-1.60211093210E+00,-27.13063251E-03
-325.80E-09,-1.58016526179E+00,-25.47620109E-03
-315.80E-09,-1.56280956775E+00,-22.40853696E-03
-305.80E-09,-1.53621879963E+00,-21.04471106E-03
-295.80E-09,-1.51617899700E+00,-18.77503173E-03
-285.80E-09,-1.48900307357E+00,-17.61068272E-03
-275.80E-09,-1.47267865192E+00,-16.03416208E-03
-265.80E-09,-1.45556421124E+00,-14.66332868E-03
-255.80E-09,-1.42981845179E+00,-11.92415507E-03
-245.80E-09,-1.40199454391E+00,-11.12574437E-03
-235.80E-09,-1.38329848219E+00,-10.00586196E-03
-225.80E-09,-1.35802073769E+00,-8.36613245E-03
-215.80E-09,-1.33770218019E+00,-7.76876559E-03
-205.80E-09,-1.31363986117E+00,-6.54205573E-03
-195.80E-09,-1.28649071645E+00,-6.22691028E-03
-185.80E-09,-1.26127627221E+00,-5.60703593E-03
-175.80E-09,-1.23475082077E+00,-5.10530450E-03
-165.80E-09,-1.21016594945E+00,-2.70056323E-03
-155.80E-09,-1.18043214107E+00,-1.90440922E-03
-145.80E-09,-1.16120772280E+00,+406.64142E-06
-135.80E-09,-1.13608503475E+00,+1.56038260E-03
-125.80E-09,-1.11422039783E+00,+2.79787649E-03
-115.80E-09,-1.07766740344E+00,+2.74669543E-03
-105.80E-09,-1.05412999235E+00,+4.70713249E-03
-95.80E-09,-1.02906444225E+00,+5.08917101E-03
-85.80E-09,-1.00295750001E+00,+6.99657172E-03
-75.80E-09,-973.68686342E-03,+7.39742977E-03
-65.80E-09,-948.70703912E-03,+9.18490295E-03
-55.80E-09,-911.96591535E-03,+9.80952340E-03
-45.80E-09,-884.05417103E-03,+10.28739522E-03
-35.80E-09,-867.32256602E-03,+11.15867660E-03
-25.80E-09,-837.15545514E-03,+12.32758327E-03
-15.80E-09,-813.66400694E-03,+14.28464426E-03
-5.80E-09,-790.45169050E-03,+14.77869919E-03
+4.20E-09,-756.16682073E-03,+16.41275826E-03
+14.20E-09,-725.32536127E-03,+17.60814588E-03
+24.20E-09,-702.93310275E-03,+19.12589093E-03
+34.20E-09,-678.85945791E-03,+20.17894812E-03
+44.20E-09,-657.89824908E-03,+21.39422191E-03
+54.20E-09,-627.62713278E-03,+20.63834338E-03
+64.20E-09,-590.25896132E-03,+20.37351966E-03
+74.20E-09,-563.51790452E-03,+20.94767233E-03
+84.20E-09,-542.49565682E-03,+21.85135011E-03
+94.20E-09,-507.75266572E-03,+22.41118343E-03
+104.20E-09,-476.64899728E-03,+22.58689209E-03
+114.20E-09,-442.98092353E-03,+23.98644711E-03
+124.20E-09,-415.93250520E-03,+25.32352728E-03
+134.20E-09,-388.09876024E-03,+28.32555059E-03
+144.20E-09,-361.04785437E-03,+28.51010037E-03
+154.20E-09,-327.94121011E-03,+30.40352942E-03
+164.20E-09,-303.88697558E-03,+31.70779389E-03
+174.20E-09,-276.78196580E-03,+33.33906578E-03
+184.20E-09,-245.42336254E-03,+34.80341548E-03
+194.20E-09,-215.55315423E-03,+36.35411757E-03
+204.20E-09,-194.85758417E-03,+37.72827334E-03
+214.20E-09,-164.98524638E-03,+38.57335738E-03
+224.20E-09,-137.41606602E-03,+39.20503999E-03
+234.20E-09,-113.66623437E-03,+39.71528935E-03
+244.20E-09,-84.20944712E-03,+40.52891548E-03
+254.20E-09,-49.43085785E-03,+40.72793066E-03
+264.20E-09,-26.10775181E-03,+41.62622350E-03
+274.20E-09,+3.12845501E-03,+42.18076514E-03
+284.20E-09,+30.88448330E-03,+43.27034578E-03
+294.20E-09,+65.51525258E-03,+44.04414870E-03
+304.20E-09,+90.47998206E-03,+44.88394579E-03
+314.20E-09,+120.15154548E-03,+46.64919415E-03
+324.20E-09,+149.51693461E-03,+48.10899467E-03
+334.20E-09,+174.03648925E-03,+48.78349118E-03
+344.20E-09,+207.26832068E-03,+49.91045365E-03
+354.20E-09,+237.38547354E-03,+50.82304604E-03
+364.20E-09,+257.79912278E-03,+52.54630026E-03
+374.20E-09,+290.64240852E-03,+53.14405720E-03
+384.20E-09,+318.54126287E-03,+54.82177724E-03
+394.20E-09,+341.98595669E-03,+55.43131984E-03
+404.20E-09,+371.61851102E-03,+56.83264629E-03
+414.20E-09,+404.84429321E-03,+57.40897179E-03
+424.20E-09,+436.09485823E-03,+58.12316335E-03
+434.20E-09,+463.91488405E-03,+58.13266593E-03
+444.20E-09,+486.15924720E-03,+58.26650294E-03
+454.20E-09,+513.59532550E-03,+58.32415160E-03
+464.20E-09,+541.33311185E-03,+59.52346746E-03
+474.20E-09,+567.80641925E-03,+60.98793117E-03
+484.20E-09,+597.81067186E-03,+62.02329293E-03
+494.20E-09,+632.07224924E-03,+61.95453233E-03
+504.20E-09,+654.65523775E-03,+62.22901221E-03
+514.20E-09,+683.94219409E-03,+63.16868390E-03
+524.20E-09,+706.96255561E-03,+63.22872964E-03
+534.20E-09,+734.64378819E-03,+63.80975884E-03
+544.20E-09,+768.08896358E-03,+64.00998858E-03
+554.20E-09,+800.73349137E-03,+66.12737696E-03
+564.20E-09,+823.22937841E-03,+67.45791980E-03
+574.20E-09,+849.09391774E-03,+69.39741351E-03
+584.20E-09,+876.05743945E-03,+70.34231844E-03
+594.20E-09,+899.33230236E-03,+71.49353910E-03
+604.20E-09,+925.09811287E-03,+71.53464187E-03
+614.20E-09,+957.20589809E-03,+71.67821797E-03
+624.20E-09,+979.65503074E-03,+71.76972068E-03
+634.20E-09,+1.01044992427E+00,+71.79910471E-03
+644.20E-09,+1.03387300290E+00,+73.46683974E-03
+654.20E-09,+1.05884363085E+00,+74.35981076E-03
+664.20E-09,+1.08303554676E+00,+76.20737584E-03
+674.20E-09,+1.10255937399E+00,+76.99563852E-03
+684.20E-09,+1.12824413226E+00,+77.80304864E-03
+694.20E-09,+1.15412495365E+00,+76.87207296E-03
+704.20E-09,+1.18048228907E+00,+76.99190156E-03
+714.20E-09,+1.20580326395E+00,+76.10224444E-03
+724.20E-09,+1.23297085790E+00,+76.37658487E-03
+734.20E-09,+1.25862661375E+00,+77.15065351E-03
+744.20E-09,+1.28110940353E+00,+78.42023286E-03
+754.20E-09,+1.30282410982E+00,+79.26979165E-03
+764.20E-09,+1.33069347179E+00,+80.31749121E-03
+774.20E-09,+1.35141461448E+00,+81.32248711E-03
+784.20E-09,+1.37518238654E+00,+81.02797879E-03
+794.20E-09,+1.39314260853E+00,+81.65347177E-03
+804.20E-09,+1.42115242209E+00,+81.45123033E-03
+814.20E-09,+1.44047046219E+00,+82.08915062E-03
+824.20E-09,+1.46333386392E+00,+81.42657168E-03
+834.20E-09,+1.48953919577E+00,+82.48502889E-03
+844.20E-09,+1.50733443000E+00,+82.91644784E-03
+854.20E-09,+1.53135930406E+00,+83.59877349E-03
+864.20E-09,+1.54871011725E+00,+84.32904076E-03
+874.20E-09,+1.57489605763E+00,+83.87551006E-03
+884.20E-09,+1.59061421759E+00,+84.05646139E-03
+894.20E-09,+1.61190672107E+00,+83.75269454E-03
+904.20E-09,+1.63462514841E+00,+83.53456018E-03
+914.20E-09,+1.65171746509E+00,+84.06638893E-03
+924.20E-09,+1.66206162246E+00,+85.08831516E-03
+934.20E-09,+1.69281824184E+00,+85.37976211E-03
+944.20E-09,+1.70555674748E+00,+85.79554821E-03
+954.20E-09,+1.72768879458E+00,+85.49890664E-03
+964.20E-09,+1.74010497577E+00,+85.67206934E-03
+974.20E-09,+1.76898060285E+00,+84.93089272E-03
+984.20E-09,+1.78257001563E+00,+84.27867286E-03
+994.20E-09,+1.79928552703E+00,+84.68118832E-03
+1.00420E-06,+1.81392680976E+00,+85.58304945E-03
+1.01420E-06,+1.82978638242E+00,+86.47535429E-03
+1.02420E-06,+1.84969238573E+00,+86.73409768E-03
+1.03420E-06,+1.86520440052E+00,+87.21137116E-03
+1.04420E-06,+1.88106627226E+00,+88.06092524E-03
+1.05420E-06,+1.89685479936E+00,+88.80009958E-03
+1.06420E-06,+1.91152840122E+00,+88.22134591E-03
+1.07420E-06,+1.92588195888E+00,+87.66821387E-03
+1.08420E-06,+1.94221785712E+00,+88.37576069E-03
+1.09420E-06,+1.95699275072E+00,+88.05081020E-03
+1.10420E-06,+1.96818391432E+00,+87.80192933E-03
+1.11420E-06,+1.98156216916E+00,+86.31918599E-03
+1.12420E-06,+1.99388374858E+00,+85.77628771E-03
+1.13420E-06,+2.01131197692E+00,+84.63783075E-03
+1.14420E-06,+2.02739983760E+00,+83.79691238E-03
+1.15420E-06,+2.03570625017E+00,+82.94893846E-03
+1.16420E-06,+2.04774852822E+00,+82.77015053E-03
+1.17420E-06,+2.06015575804E+00,+81.91867427E-03
+1.18420E-06,+2.06978111155E+00,+82.83513743E-03
+1.19420E-06,+2.08945488824E+00,+83.33736260E-03
+1.20420E-06,+2.09657114643E+00,+84.14294381E-03
+1.21420E-06,+2.09957047491E+00,+84.67955729E-03
+1.22420E-06,+2.11544476549E+00,+85.97106371E-03
+1.23420E-06,+2.12384858774E+00,+86.28620351E-03
+1.24420E-06,+2.13766044660E+00,+87.29203802E-03
+1.25420E-06,+2.14788322349E+00,+86.41111931E-03
+1.26420E-06,+2.15781041695E+00,+85.59055729E-03
+1.27420E-06,+2.16672506992E+00,+84.50116982E-03
+1.28420E-06,+2.17278998582E+00,+83.39317859E-03
+1.29420E-06,+2.18250775508E+00,+82.11321566E-03
+1.30420E-06,+2.19030109437E+00,+80.71799875E-03
+1.31420E-06,+2.19388983713E+00,+80.57425399E-03
+1.32420E-06,+2.19596879589E+00,+81.07614561E-03
+1.33420E-06,+2.21190691440E+00,+81.67681316E-03
+1.34420E-06,+2.21630661296E+00,+81.45569093E-03
+1.35420E-06,+2.22179826473E+00,+81.93546891E-03
+1.36420E-06,+2.22442940009E+00,+81.80567227E-03
+1.37420E-06,+2.22443463900E+00,+81.28555944E-03
+1.38420E-06,+2.23041671239E+00,+81.62023677E-03
+1.39420E-06,+2.23776346346E+00,+80.06007262E-03
+1.40420E-06,+2.24491633744E+00,+80.84712545E-03
+1.41420E-06,+2.24746519565E+00,+81.21508018E-03
+1.42420E-06,+2.24980723026E+00,+82.45314791E-03
+1.43420E-06,+2.25571156813E+00,+81.47499573E-03
+1.44420E-06,+2.26019757667E+00,+81.69531892E-03
+1.45420E-06,+2.25951570895E+00,+79.61997557E-03
+1.46420E-06,+2.26279447072E+00,+78.61353990E-03
+1.47420E-06,+2.26484378634E+00,+76.30412029E-03
+1.48420E-06,+2.26588783562E+00,+75.77151608E-03
+1.49420E-06,+2.25800396508E+00,+75.37505927E-03
+1.50420E-06,+2.25858919577E+00,+75.04226455E-03
+1.51420E-06,+2.26323154222E+00,+75.59679301E-03
+1.52420E-06,+2.26124744905E+00,+75.60560963E-03
+1.53420E-06,+2.26126661439E+00,+75.98680107E-03
+1.54420E-06,+2.26345302720E+00,+75.82398426E-03
+1.55420E-06,+2.25719589256E+00,+75.20604058E-03
+1.56420E-06,+2.26100123946E+00,+72.87736328E-03
+1.57420E-06,+2.25808023069E+00,+70.99754313E-03
+1.58420E-06,+2.25890255001E+00,+69.61963251E-03
+1.59420E-06,+2.25237630913E+00,+68.46243422E-03
+1.60420E-06,+2.24688627803E+00,+67.67743172E-03
+1.61420E-06,+2.24898984833E+00,+66.76570714E-03
+1.62420E-06,+2.23838184246E+00,+66.64555063E-03
+1.63420E-06,+2.22890894481E+00,+65.21614705E-03
+1.64420E-06,+2.22722150924E+00,+65.14156807E-03
+1.65420E-06,+2.22967974196E+00,+63.78999989E-03
+1.66420E-06,+2.22641362517E+00,+63.39264134E-03
+1.67420E-06,+2.21677513672E+00,+62.01528758E-03
+1.68420E-06,+2.21660679456E+00,+62.78074125E-03
+1.69420E-06,+2.20301498847E+00,+61.68284715E-03
+1.70420E-06,+2.19557037544E+00,+61.80168733E-03
+1.71420E-06,+2.18711033864E+00,+60.47702978E-03
+1.72420E-06,+2.18299037489E+00,+59.40361248E-03
+1.73420E-06,+2.17680079948E+00,+57.13614743E-03
+1.74420E-06,+2.16841878087E+00,+55.81575920E-03
+1.75420E-06,+2.16104496841E+00,+54.77999605E-03
+1.76420E-06,+2.14884484486E+00,+53.70130687E-03
+1.77420E-06,+2.14312433972E+00,+53.53124417E-03
+1.78420E-06,+2.13427877242E+00,+52.99812172E-03
+1.79420E-06,+2.12082621185E+00,+52.38919159E-03
+1.80420E-06,+2.11353169904E+00,+50.69456666E-03
+1.81420E-06,+2.10234777190E+00,+49.76755032E-03
+1.82420E-06,+2.08967386684E+00,+48.93737924E-03
+1.83420E-06,+2.08091760588E+00,+47.49958305E-03
+1.84420E-06,+2.06723724726E+00,+46.62988936E-03
+1.85420E-06,+2.05919632269E+00,+45.66408063E-03
+1.86420E-06,+2.03646999931E+00,+45.73087099E-03
+1.87420E-06,+2.02733043156E+00,+46.07482099E-03
+1.88420E-06,+2.02004096921E+00,+46.61324924E-03
+1.89420E-06,+2.00843031646E+00,+45.97885390E-03
+1.90420E-06,+1.98867418723E+00,+45.49040158E-03
+1.91420E-06,+1.97637452452E+00,+44.75383443E-03
+1.92420E-06,+1.96425577357E+00,+43.27693775E-03
+1.93420E-06,+1.94850557715E+00,+41.70493142E-03
+1.94420E-06,+1.93449888010E+00,+40.18766974E-03
+1.95420E-06,+1.91324007143E+00,+39.14438461E-03
+1.96420E-06,+1.90219452294E+00,+37.93815830E-03
+1.97420E-06,+1.88879359760E+00,+38.35021027E-03
+1.98420E-06,+1.87146939351E+00,+36.48698783E-03
+1.99420E-06,+1.85772266289E+00,+34.16024874E-03
+2.00420E-06,+1.83757629192E+00,+31.74460472E-03
+2.01420E-06,+1.82843235214E+00,+30.61101824E-03
+2.02420E-06,+1.81506363286E+00,+28.71332741E-03
+2.03420E-06,+1.79053817975E+00,+28.13917285E-03
+2.04420E-06,+1.77304610462E+00,+26.92786122E-03
+2.05420E-06,+1.75958088023E+00,+27.73077398E-03
+2.06420E-06,+1.73965829334E+00,+28.85672730E-03
+2.07420E-06,+1.71554901264E+00,+27.98890397E-03
+2.08420E-06,+1.69988339246E+00,+27.29604209E-03
+2.09420E-06,+1.68116854231E+00,+25.99664622E-03
+2.10420E-06,+1.65171343226E+00,+25.80331845E-03
+2.11420E-06,+1.64046778783E+00,+23.51538305E-03
+2.12420E-06,+1.61913488072E+00,+23.51071327E-03
+2.13420E-06,+1.59760941567E+00,+20.36141930E-03
+2.14420E-06,+1.57463556354E+00,+21.47719633E-03
+2.15420E-06,+1.55359865445E+00,+19.96638906E-03
+2.16420E-06,+1.53521227221E+00,+20.15672142E-03
+2.17420E-06,+1.51256221444E+00,+17.69921893E-03
+2.18420E-06,+1.49360910727E+00,+16.36869117E-03
+2.19420E-06,+1.47243478062E+00,+13.93905569E-03
+2.20420E-06,+1.45120804610E+00,+12.26214410E-03
+2.21420E-06,+1.42638945940E+00,+11.07052358E-03
+2.22420E-06,+1.40714512200E+00,+10.39016911E-03
+2.23420E-06,+1.38221041256E+00,+9.93080589E-03
+2.24420E-06,+1.36491907411E+00,+8.65089290E-03
+2.25420E-06,+1.33597735771E+00,+7.72418185E-03
+2.26420E-06,+1.31535662104E+00,+5.55911286E-03
+2.27420E-06,+1.28618482634E+00,+3.91802462E-03
+2.28420E-06,+1.26653436088E+00,+2.69288266E-03
+2.29420E-06,+1.24379073781E+00,+1.30625811E-03
+2.30420E-06,+1.22232676391E+00,-79.61734E-06
+2.31420E-06,+1.18991655453E+00,-1.40509372E-03
+2.32420E-06,+1.16172239943E+00,-2.27003000E-03
+2.33420E-06,+1.13925909536E+00,-3.15872226E-03
+2.34420E-06,+1.10718996117E+00,-4.15102419E-03
+2.35420E-06,+1.08857455595E+00,-5.92775667E-03
+2.36420E-06,+1.06058880743E+00,-6.59302197E-03
+2.37420E-06,+1.04709735083E+00,-7.96659354E-03
+2.38420E-06,+1.01576337795E+00,-8.76471497E-03
+2.39420E-06,+989.78512805E-03,-9.71192182E-03
+2.40420E-06,+963.06255817E-03,-10.38544781E-03
+2.41420E-06,+938.35238662E-03,-12.42552845E-03
+2.42420E-06,+909.92489304E-03,-14.18518644E-03
+2.43420E-06,+886.85711756E-03,-15.40255296E-03
+2.44420E-06,+857.91749295E-03,-16.70530512E-03
+2.45420E-06,+828.39550208E-03,-17.47442130E-03
+2.46420E-06,+811.33258357E-03,-18.23765314E-03
+2.47420E-06,+775.41181923E-03,-18.62790242E-03
+2.48420E-06,+745.88408065E-03,-20.30321219E-03
+2.49420E-06,+717.23348141E-03,-21.05356349E-03
+2.50420E-06,+694.38489184E-03,-22.56528192E-03
+2.51420E-06,+666.72904344E-03,-23.56428701E-03
+2.52420E-06,+636.99804296E-03,-24.94724715E-03
+2.53420E-06,+611.38340684E-03,-26.53604623E-03
+2.54420E-06,+582.93139594E-03,-27.97215674E-03
+2.55420E-06,+547.87772658E-03,-27.64742485E-03
+2.56420E-06,+525.03903062E-03,-28.05480609E-03
+2.57420E-06,+499.17908946E-03,-28.52689344E-03
+2.58420E-06,+466.49498722E-03,-29.27152717E-03
+2.59420E-06,+440.68980956E-03,-30.52392838E-03
+2.60420E-06,+415.91890065E-03,-30.99177938E-03
+2.61420E-06,+382.61504373E-03,-32.81604266E-03
+2.62420E-06,+358.76861274E-03,-33.93354400E-03
+2.63420E-06,+324.80602972E-03,-35.52257771E-03
+2.64420E-06,+293.30769098E-03,-36.38736606E-03
+2.65420E-06,+256.88327585E-03,-37.89677598E-03
+2.66420E-06,+238.98431888E-03,-39.35180873E-03
+2.67420E-06,+210.05624624E-03,-40.58272950E-03
+2.68420E-06,+182.11774206E-03,-42.67709780E-03
+2.69420E-06,+151.21952154E-03,-43.12189668E-03
+2.70420E-06,+119.55500781E-03,-44.31978126E-03
+2.71420E-06,+90.13977373E-03,-43.96273401E-03
+2.72420E-06,+68.13123659E-03,-44.59878488E-03
+2.73420E-06,+37.62084564E-03,-43.12856874E-03
+2.74420E-06,+5.24531102E-03,-44.11361818E-03
+2.75420E-06,-21.12808032E-03,-43.90633006E-03
+2.76420E-06,-46.04281408E-03,-45.56548591E-03
+2.77420E-06,-73.99426475E-03,-46.12649893E-03
+2.78420E-06,-94.71902568E-03,-48.31673632E-03
+2.79420E-06,-122.99536372E-03,-48.20505724E-03
+2.80420E-06,-161.96025104E-03,-49.79517264E-03
+2.81420E-06,-184.96235178E-03,-52.02181665E-03
+2.82420E-06,-213.08768504E-03,-53.68977971E-03
+2.83420E-06,-240.96369928E-03,-54.84330605E-03
+2.84420E-06,-268.12573396E-03,-55.93345109E-03
+2.85420E-06,-297.36501251E-03,-57.29153775E-03
+2.86420E-06,-328.06798025E-03,-57.86567628E-03
+2.87420E-06,-351.81833956E-03,-58.82181942E-03
+2.88420E-06,-380.16332984E-03,-59.20783800E-03
+2.89420E-06,-412.07254557E-03,-59.99981973E-03
+2.90420E-06,-444.31914287E-03,-60.62980629E-03
+2.91420E-06,-469.87694255E-03,-61.23668514E-03
+2.92420E-06,-502.97574730E-03,-61.43322881E-03
+2.93420E-06,-530.38280435E-03,-62.33429939E-03
+2.94420E-06,-561.28630146E-03,-63.17088812E-03
+2.95420E-06,-587.41141026E-03,-64.05903293E-03
+2.96420E-06,-610.04290573E-03,-65.58906868E-03
+2.97420E-06,-636.80930901E-03,-65.91811324E-03
+2.98420E-06,-670.30184182E-03,-67.31724708E-03
+2.99420E-06,-696.39604486E-03,-69.03490434E-03
+3.00420E-06,-724.00052186E-03,-70.55477605E-03
+3.01420E-06,-751.32758198E-03,-71.62277259E-03
+3.02420E-06,-779.97343229E-03,-72.74252308E-03
+3.03420E-06,-799.89950550E-03,-73.05561820E-03
+3.04420E-06,-824.51924002E-03,-74.51024013E-03
+3.05420E-06,-856.00225780E-03,-75.39550731E-03
+3.06420E-06,-882.21035986E-03,-75.18956095E-03
+3.07420E-06,-909.21909068E-03,-75.42399809E-03
+3.08420E-06,-938.63411747E-03,-76.80722112E-03
+3.09420E-06,-970.89920169E-03,-77.56329469E-03
+3.10420E-06,-994.67647163E-03,-78.20173888E-03
+3.11420E-06,-1.01642994203E+00,-78.45384412E-03
+3.12420E-06,-1.04175276372E+00,-79.37821181E-03
+3.13420E-06,-1.07209890186E+00,-79.13180811E-03
+3.14420E-06,-1.09168687738E+00,-80.30384964E-03
+3.15420E-06,-1.12211832673E+00,-80.70030079E-03
+3.16420E-06,-1.15234201023E+00,-81.42213588E-03
+3.17420E-06,-1.17084142463E+00,-81.89067754E-03
+3.18420E-06,-1.19895963448E+00,-82.45985420E-03
+3.19420E-06,-1.22371277258E+00,-82.19071027E-03
+3.20420E-06,-1.25107742844E+00,-82.73106730E-03
+3.21420E-06,-1.27923355438E+00,-82.85877593E-03
+3.22420E-06,-1.29893294139E+00,-83.58337651E-03
+3.23420E-06,-1.32365645519E+00,-83.90202336E-03
+3.24420E-06,-1.35161110951E+00,-83.49526589E-03
+3.25420E-06,-1.37720488424E+00,-84.43158034E-03
+3.26420E-06,-1.39238049739E+00,-84.25159199E-03
+3.27420E-06,-1.41802132802E+00,-85.45508578E-03
+3.28420E-06,-1.44084671944E+00,-84.71298104E-03
+3.29420E-06,-1.46993107345E+00,-85.76365905E-03
+3.30420E-06,-1.48412855703E+00,-85.87028675E-03
+3.31420E-06,-1.50627511477E+00,-87.37446342E-03
+3.32420E-06,-1.52394976000E+00,-87.30082102E-03
+3.33420E-06,-1.55017698972E+00,-88.17713025E-03
+3.34420E-06,-1.58102481878E+00,-87.87980837E-03
+3.35420E-06,-1.59050708239E+00,-88.32788439E-03
+3.36420E-06,-1.61808453569E+00,-87.91835671E-03
+3.37420E-06,-1.63858159279E+00,-88.02653440E-03
+3.38420E-06,-1.66478219456E+00,-88.64792012E-03
+3.39420E-06,-1.67779414077E+00,-88.76036620E-03
+3.40420E-06,-1.70571246198E+00,-89.34659473E-03
+3.41420E-06,-1.71644867021E+00,-89.60919568E-03
+3.42420E-06,-1.73787297545E+00,-90.02086981E-03
+3.43420E-06,-1.75728671033E+00,-89.03949514E-03
+3.44420E-06,-1.77862082352E+00,-89.60504508E-03
+3.45420E-06,-1.79318557680E+00,-89.45848300E-03
+3.46420E-06,-1.81084256430E+00,-90.31169017E-03
+3.47420E-06,-1.83013307190E+00,-90.22415055E-03
+3.48420E-06,-1.84980792275E+00,-90.95675365E-03
+3.49420E-06,-1.87229777939E+00,-92.54838608E-03
+3.50420E-06,-1.88314332616E+00,-93.91554754E-03
+3.51420E-06,-1.90970974657E+00,-94.11147309E-03
+3.52420E-06,-1.91340843091E+00,-93.49954284E-03
+3.53420E-06,-1.93349674051E+00,-92.82131314E-03
+3.54420E-06,-1.94900351640E+00,-91.94045474E-03
+3.55420E-06,-1.96306081221E+00,-91.68626618E-03
+3.56420E-06,-1.98558370409E+00,-91.07705997E-03
+3.57420E-06,-1.99528837609E+00,-91.13106213E-03
+3.58420E-06,-2.00330587635E+00,-91.75909824E-03
+3.59420E-06,-2.02282646224E+00,-92.16138474E-03
+3.60420E-06,-2.03883579591E+00,-92.12756272E-03
+3.61420E-06,-2.05217824530E+00,-91.42778568E-03
+3.62420E-06,-2.06257914489E+00,-91.75034946E-03
+3.63420E-06,-2.07407962991E+00,-91.87360407E-03
+3.64420E-06,-2.08235165040E+00,-91.32662774E-03
+3.65420E-06,-2.10370474048E+00,-91.57404907E-03
+3.66420E-06,-2.11440095967E+00,-91.99961948E-03
+3.67420E-06,-2.11946247489E+00,-92.63918400E-03
+3.68420E-06,-2.13551404015E+00,-93.32378424E-03
+3.69420E-06,-2.14967138393E+00,-92.92032087E-03
+3.70420E-06,-2.16071923150E+00,-92.98771992E-03
+3.71420E-06,-2.17244269026E+00,-92.19496743E-03
+3.72420E-06,-2.18807427642E+00,-92.12114036E-03
+3.73420E-06,-2.19477750930E+00,-92.02443266E-03
+3.74420E-06,-2.19934739682E+00,-92.11493094E-03
+3.75420E-06,-2.21847103216E+00,-91.54490060E-03
+3.76420E-06,-2.22298649539E+00,-91.84229692E-03
+3.77420E-06,-2.23071157818E+00,-91.44249418E-03
+3.78420E-06,-2.23499747194E+00,-91.11804497E-03
+3.79420E-06,-2.24353400049E+00,-89.89822671E-03
+3.80420E-06,-2.24226081516E+00,-88.90798642E-03
+3.81420E-06,-2.24991669920E+00,-87.79315918E-03
+3.82420E-06,-2.26571464879E+00,-87.59162631E-03
+3.83420E-06,-2.27338434620E+00,-86.98038484E-03
+3.84420E-06,-2.28168740436E+00,-87.07399726E-03
+3.85420E-06,-2.27546379493E+00,-87.30994859E-03
+3.86420E-06,-2.28339824539E+00,-87.80159042E-03
+3.87420E-06,-2.28558665577E+00,-88.58547353E-03
+3.88420E-06,-2.29198352589E+00,-87.61104606E-03
+3.89420E-06,-2.29927818946E+00,-86.99935043E-03
+3.90420E-06,-2.30854134255E+00,-85.99097185E-03
+3.91420E-06,-2.31396841259E+00,-85.64985708E-03
+3.92420E-06,-2.31891795097E+00,-85.01950869E-03
+3.93420E-06,-2.31700927540E+00,-85.53148519E-03
+3.94420E-06,-2.31752459123E+00,-84.94306594E-03
+3.95420E-06,-2.31941941575E+00,-84.95328085E-03
+3.96420E-06,-2.32447819845E+00,-84.07634221E-03
+3.97420E-06,-2.32717775992E+00,-82.84023153E-03
+3.98420E-06,-2.32672210728E+00,-81.08964080E-03
+3.99420E-06,-2.32523301506E+00,-79.11029751E-03
+4.00420E-06,-2.33213888796E+00,-78.07494518E-03
+4.01420E-06,-2.32475305240E+00,-78.09930985E-03
+4.02420E-06,-2.32398766376E+00,-78.76802283E-03
+4.03420E-06,-2.32462309746E+00,-79.05152475E-03
+4.04420E-06,-2.31904822628E+00,-80.09731908E-03
+4.05420E-06,-2.32288664611E+00,-80.63353682E-03
+4.06420E-06,-2.32370461224E+00,-80.74729545E-03
+4.07420E-06,-2.32253266210E+00,-78.90549881E-03
+4.08420E-06,-2.31907747368E+00,-76.91847148E-03
+4.09420E-06,-2.31859489157E+00,-75.51450108E-03
+4.10420E-06,-2.31566647673E+00,-73.89754477E-03
+4.11420E-06,-2.31066684840E+00,-74.49555707E-03
+4.12420E-06,-2.30637271940E+00,-72.78352221E-03
+4.13420E-06,-2.30944840772E+00,-73.23538324E-03
+4.14420E-06,-2.30103474840E+00,-72.27109343E-03
+4.15420E-06,-2.28998322605E+00,-71.58267614E-03
+4.16420E-06,-2.28523482009E+00,-70.92274302E-03
+4.17420E-06,-2.27855840360E+00,-69.83391431E-03
+4.18420E-06,-2.27966213493E+00,-69.75186234E-03
+4.19420E-06,-2.26634616273E+00,-68.19712461E-03
+4.20420E-06,-2.25536792850E+00,-68.49036372E-03
+4.21420E-06,-2.24958662947E+00,-67.13552405E-03
+4.22420E-06,-2.24430261163E+00,-67.35722199E-03
+4.23420E-06,-2.23928705930E+00,-65.17847625E-03
+4.24420E-06,-2.23886615679E+00,-63.51394110E-03
+4.25420E-06,-2.22737582921E+00,-61.54045483E-03
+4.26420E-06,-2.21920462934E+00,-59.92944506E-03
+4.27420E-06,-2.20300844774E+00,-58.98526188E-03
+4.28420E-06,-2.20243348756E+00,-58.43958680E-03
+4.29420E-06,-2.19240933671E+00,-57.89801709E-03
+4.30420E-06,-2.18339192209E+00,-56.75932833E-03
+4.31420E-06,-2.16519193549E+00,-57.43106123E-03
+4.32420E-06,-2.15276552148E+00,-56.56171428E-03
+4.33420E-06,-2.14237491124E+00,-56.44235869E-03
+4.34420E-06,-2.13318734534E+00,-54.82856362E-03
+4.35420E-06,-2.11802407566E+00,-54.45529744E-03
+4.36420E-06,-2.10991457423E+00,-52.49970919E-03
+4.37420E-06,-2.09710511727E+00,-52.46967124E-03
+4.38420E-06,-2.08621750851E+00,-50.44749239E-03
+4.39420E-06,-2.07051755279E+00,-50.17823445E-03
+4.40420E-06,-2.05844337021E+00,-48.59562593E-03
+4.41420E-06,-2.04073519976E+00,-47.29368316E-03
+4.42420E-06,-2.02493734439E+00,-45.26857392E-03
+4.43420E-06,-2.01941173398E+00,-42.95713883E-03
+4.44420E-06,-2.00209821499E+00,-42.00288679E-03
+4.45420E-06,-1.98670950288E+00,-41.03360117E-03
+4.46420E-06,-1.97046743377E+00,-41.25068774E-03
+4.47420E-06,-1.95691980030E+00,-40.75611928E-03
+4.48420E-06,-1.94249423599E+00,-40.22646902E-03
+4.49420E-06,-1.92278133714E+00,-40.55319848E-03
+4.50420E-06,-1.90916961191E+00,-41.26536421E-03
+4.51420E-06,-1.88690410469E+00,-40.20915897E-03
+4.52420E-06,-1.87319832420E+00,-39.29442295E-03
+4.53420E-06,-1.85680779438E+00,-37.57620694E-03
+4.54420E-06,-1.83436706659E+00,-36.70356024E-03
+4.55420E-06,-1.81868631390E+00,-35.67359851E-03
+4.56420E-06,-1.79882928867E+00,-34.50775321E-03
+4.57420E-06,-1.77730582118E+00,-32.55883608E-03
+4.58420E-06,-1.76209994301E+00,-32.01440099E-03
+4.59420E-06,-1.74631473262E+00,-30.31443445E-03
+4.60420E-06,-1.72925362323E+00,-29.64327539E-03
+4.61420E-06,-1.70505055109E+00,-28.09126829E-03
+4.62420E-06,-1.68814131335E+00,-27.94796545E-03
+4.63420E-06,-1.66737718526E+00,-26.01937545E-03
+4.64420E-06,-1.64765569310E+00,-26.03995887E-03
+4.65420E-06,-1.62307705946E+00,-24.30989880E-03
+4.66420E-06,-1.60464233986E+00,-23.91464712E-03
+4.67420E-06,-1.58680287647E+00,-22.20821111E-03
+4.68420E-06,-1.56151925233E+00,-21.92055388E-03
+4.69420E-06,-1.54006426748E+00,-19.64380862E-03
+4.70420E-06,-1.51489116911E+00,-18.85564676E-03
+4.71420E-06,-1.49416286533E+00,-17.68741946E-03
+4.72420E-06,-1.46783179981E+00,-16.63039258E-03
+4.73420E-06,-1.45102283617E+00,-15.16274029E-03
+4.74420E-06,-1.42667906745E+00,-14.30322854E-03
+4.75420E-06,-1.39615678533E+00,-12.54529015E-03
+4.76420E-06,-1.37440318301E+00,-10.73824552E-03
+4.77420E-06,-1.35560807211E+00,-9.84334573E-03
+4.78420E-06,-1.33303652250E+00,-8.81761941E-03
+4.79420E-06,-1.30638797569E+00,-8.81962263E-03
+4.80420E-06,-1.27956134387E+00,-8.07259370E-03
+4.81420E-06,-1.25398458615E+00,-6.83480959E-03
+4.82420E-06,-1.23434222403E+00,-5.83239262E-03
+4.83420E-06,-1.20918295788E+00,-3.65503859E-03
+4.84420E-06,-1.18194985880E+00,-1.61627710E-03
+4.85420E-06,-1.15402107863E+00,+1.10577020E-03
+4.86420E-06,-1.13582646285E+00,+2.54897866E-03
+4.87420E-06,-1.10714802958E+00,+3.74615091E-03
+4.88420E-06,-1.08032541174E+00,+3.78206189E-03
+4.89420E-06,-1.05317589012E+00,+4.16294993E-03
+4.90420E-06,-1.02472602756E+00,+4.18438985E-03
+4.91420E-06,-1.00477225223E+00,+5.19458509E-03
+4.92420E-06,-973.12420901E-03,+6.47170902E-03
+4.93420E-06,-944.29154848E-03,+8.44258244E-03
+4.94420E-06,-921.58180867E-03,+9.90035241E-03
+4.95420E-06,-886.10576690E-03,+10.90207966E-03
+4.96420E-06,-864.52186357E-03,+12.18534423E-03
+4.97420E-06,-831.20036775E-03,+11.66904280E-03
+4.98420E-06,-808.49677141E-03,+12.06371499E-03
+4.99420E-06,-778.42015409E-03,+12.78152668E-03
+5.00420E-06,-749.23778736E-03,+15.07258657E-03
+5.01420E-06,-732.64996950E-03,+16.29037710E-03
+5.02420E-06,-702.44415104E-03,+18.83456836E-03
+5.03420E-06,-672.14983658E-03,+19.81302017E-03
+5.04420E-06,-644.51886354E-03,+22.14810004E-03
+5.05420E-06,-614.31327122E-03,+23.28405722E-03
+5.06420E-06,-593.81775941E-03,+23.84695190E-03
+5.07420E-06,-562.13801894E-03,+23.62649019E-03
+5.08420E-06,-535.95637522E-03,+24.36997815E-03
+5.09420E-06,-505.67361273E-03,+25.46388465E-03
+5.10420E-06,-474.76010893E-03,+27.94733949E-03
+5.11420E-06,-447.20265014E-03,+29.96980856E-03
+5.12420E-06,-426.46884363E-03,+32.08322065E-03
+5.13420E-06,-392.28147775E-03,+32.02090126E-03
+5.14420E-06,-365.87814175E-03,+33.01251064E-03
+5.15420E-06,-332.31200047E-03,+33.44216569E-03
+5.16420E-06,-308.73723864E-03,+33.68567951E-03
+5.17420E-06,-275.48056953E-03,+33.91340313E-03
+5.18420E-06,-251.10261603E-03,+35.56170711E-03
+5.19420E-06,-213.39564961E-03,+36.70873665E-03
+5.20420E-06,-192.36320678E-03,+37.96510944E-03
+5.21420E-06,-169.17687757E-03,+38.85011751E-03
+5.22420E-06,-136.46627929E-03,+39.51239587E-03
+5.23420E-06,-109.59455145E-03,+38.93616366E-03
+5.24420E-06,-82.58798780E-03,+40.13160688E-03
+5.25420E-06,-48.24104269E-03,+39.41192860E-03
+5.26420E-06,-23.04770482E-03,+41.31390385E-03
+5.27420E-06,+3.02778516E-03,+41.58911586E-03
+5.28420E-06,+32.72972668E-03,+43.63626901E-03
+5.29420E-06,+63.45432845E-03,+44.22905654E-03
+5.30420E-06,+91.16593914E-03,+46.21326277E-03
+5.31420E-06,+115.45596198E-03,+46.00434927E-03
+5.32420E-06,+141.16625520E-03,+47.08962005E-03
+5.33420E-06,+175.36931893E-03,+47.65525197E-03
+5.34420E-06,+210.77655771E-03,+48.03264049E-03
+5.35420E-06,+239.58008391E-03,+48.39873804E-03
+5.36420E-06,+258.62653024E-03,+49.28419368E-03
+5.37420E-06,+291.28549328E-03,+51.17194756E-03
+5.38420E-06,+314.73599135E-03,+52.96276195E-03
+5.39420E-06,+350.06798214E-03,+54.20550040E-03
+5.40420E-06,+376.25047389E-03,+55.05216083E-03
+5.41420E-06,+404.14239328E-03,+56.20338243E-03
+5.42420E-06,+432.24081591E-03,+57.01792631E-03
+5.43420E-06,+460.14519184E-03,+57.23599282E-03
+5.44420E-06,+495.81288701E-03,+58.86924155E-03
+5.45420E-06,+520.71963050E-03,+60.08501567E-03
+5.46420E-06,+550.36337875E-03,+61.29701703E-03
+5.47420E-06,+570.22238269E-03,+62.39351376E-03
+5.48420E-06,+604.44040934E-03,+63.83761831E-03
+5.49420E-06,+632.58826234E-03,+64.70377009E-03
+5.50420E-06,+658.56899978E-03,+65.78432398E-03
+5.51420E-06,+686.77059865E-03,+65.18170880E-03
+5.52420E-06,+710.03502144E-03,+65.95973018E-03
+5.53420E-06,+739.17856752E-03,+65.24727141E-03
+5.54420E-06,+768.53549526E-03,+65.33615939E-03
+5.55420E-06,+796.33420741E-03,+65.94232119E-03
+5.56420E-06,+822.87562054E-03,+66.69221739E-03
+5.57420E-06,+849.01523997E-03,+68.52504005E-03
+5.58420E-06,+878.97189017E-03,+68.73257411E-03
+5.59420E-06,+897.62841513E-03,+70.44512814E-03
+5.60420E-06,+930.78147456E-03,+70.84241507E-03
+5.61420E-06,+955.48105525E-03,+71.81339297E-03
+5.62420E-06,+981.38290763E-03,+72.49653650E-03
+5.63420E-06,+1.00917943376E+00,+73.43850444E-03
+5.64420E-06,+1.03617587765E+00,+73.70743731E-03
+5.65420E-06,+1.05904236996E+00,+75.39222798E-03
+5.66420E-06,+1.08431167192E+00,+75.73652850E-03
+5.67420E-06,+1.10513759267E+00,+77.19550927E-03
+5.68420E-06,+1.12992278607E+00,+76.62782890E-03
+5.69420E-06,+1.15505474586E+00,+76.71659815E-03
+5.70420E-06,+1.18593936031E+00,+76.06554291E-03
+5.71420E-06,+1.21063522853E+00,+75.57265071E-03
+5.72420E-06,+1.23377632981E+00,+76.09356068E-03
+5.73420E-06,+1.25562421354E+00,+75.89311233E-03
+5.74420E-06,+1.27967087238E+00,+77.31480832E-03
+5.75420E-06,+1.30544923364E+00,+78.82490891E-03
+5.76420E-06,+1.33266060447E+00,+80.41951225E-03
+5.77420E-06,+1.35443636848E+00,+81.04176860E-03
+5.78420E-06,+1.37539092503E+00,+81.76984891E-03
+5.79420E-06,+1.39919325878E+00,+81.63947655E-03
+5.80420E-06,+1.42191528551E+00,+81.59141056E-03
+5.81420E-06,+1.44721375949E+00,+81.25298214E-03
+5.82420E-06,+1.46449953868E+00,+81.27447671E-03
+5.83420E-06,+1.48849405348E+00,+81.21131496E-03
+5.84420E-06,+1.50782539813E+00,+81.98257852E-03
+5.85420E-06,+1.53079990983E+00,+82.35685480E-03
+5.86420E-06,+1.54672898275E+00,+82.91350520E-03
+5.87420E-06,+1.56966802821E+00,+83.16249914E-03
+5.88420E-06,+1.58358089613E+00,+83.48771535E-03
+5.89420E-06,+1.61025701314E+00,+83.56728448E-03
+5.90420E-06,+1.63137957264E+00,+83.62365357E-03
+5.91420E-06,+1.65293801641E+00,+83.53742368E-03
+5.92420E-06,+1.66792719622E+00,+84.24069929E-03
+5.93420E-06,+1.69189596878E+00,+84.84574453E-03
+5.94420E-06,+1.70531747283E+00,+84.79204671E-03
+5.95420E-06,+1.73064280090E+00,+84.88337040E-03
+5.96420E-06,+1.74785338864E+00,+84.76814846E-03
+5.97420E-06,+1.76820788351E+00,+84.44606994E-03
+5.98420E-06,+1.78123158899E+00,+83.86236287E-03
+5.99420E-06,+1.80459709622E+00,+82.52367240E-03
+6.00420E-06,+1.82079836596E+00,+83.08110581E-03
+6.01420E-06,+1.83369729886E+00,+83.83651887E-03
+6.02420E-06,+1.85742753174E+00,+84.76980870E-03
+6.03420E-06,+1.86612292343E+00,+85.52113900E-03
+6.04420E-06,+1.87568181071E+00,+84.74271999E-03
+6.05420E-06,+1.90066815537E+00,+84.52099944E-03
+6.06420E-06,+1.90788568646E+00,+84.46769078E-03
+6.07420E-06,+1.92569831460E+00,+84.71796618E-03
+6.08420E-06,+1.94059245920E+00,+84.44678322E-03
+6.09420E-06,+1.95530501363E+00,+84.48201673E-03
+6.10420E-06,+1.97541412808E+00,+84.92522227E-03
+6.11420E-06,+1.98431745522E+00,+85.12335927E-03
+6.12420E-06,+1.99599483802E+00,+85.66440415E-03
+6.13420E-06,+2.01897792418E+00,+86.77351100E-03
+6.14420E-06,+2.01744639309E+00,+86.66128352E-03
+6.15420E-06,+2.03001636812E+00,+86.56879050E-03
+6.16420E-06,+2.04842072846E+00,+85.84234877E-03
+6.17420E-06,+2.06089417953E+00,+85.48604306E-03
+6.18420E-06,+2.06584143767E+00,+84.86174485E-03
+6.19420E-06,+2.08169697750E+00,+84.97688294E-03
+6.20420E-06,+2.09591839419E+00,+84.90266954E-03
+6.21420E-06,+2.10260817176E+00,+85.05762800E-03
+6.22420E-06,+2.11441827972E+00,+85.45879134E-03
+6.23420E-06,+2.12702824378E+00,+85.99295498E-03
+6.24420E-06,+2.13190758463E+00,+85.74606791E-03
+6.25420E-06,+2.14305222000E+00,+85.63419094E-03
+6.26420E-06,+2.15182010831E+00,+85.26217136E-03
+6.27420E-06,+2.16069190781E+00,+84.44583815E-03
+6.28420E-06,+2.18054062240E+00,+84.25144941E-03
+6.29420E-06,+2.18073617670E+00,+84.53009120E-03
+6.30420E-06,+2.18490417629E+00,+84.42458384E-03
+6.31420E-06,+2.18518847158E+00,+84.13987867E-03
+6.32420E-06,+2.19868397985E+00,+83.57645162E-03
+6.33420E-06,+2.21028012196E+00,+82.77779877E-03
+6.34420E-06,+2.21654343775E+00,+81.96167097E-03
+6.35420E-06,+2.21833964652E+00,+81.07876317E-03
+6.36420E-06,+2.22266451168E+00,+80.92121918E-03
+6.37420E-06,+2.23183438214E+00,+80.45087594E-03
+6.38420E-06,+2.22581686136E+00,+79.69152428E-03
+6.39420E-06,+2.23836697378E+00,+79.44995715E-03
+6.40420E-06,+2.24325705626E+00,+79.09128734E-03
+6.41420E-06,+2.24902595530E+00,+77.97613784E-03
+6.42420E-06,+2.24633021936E+00,+76.86173273E-03
+6.43420E-06,+2.25897821258E+00,+76.50740292E-03
+6.44420E-06,+2.25831667859E+00,+76.29995744E-03
+6.45420E-06,+2.25946284879E+00,+76.16317967E-03
+6.46420E-06,+2.26271245739E+00,+76.27500952E-03
+6.47420E-06,+2.26472971770E+00,+76.20145664E-03
+6.48420E-06,+2.26327620481E+00,+76.29057358E-03
+6.49420E-06,+2.26394618135E+00,+75.49502072E-03
+6.50420E-06,+2.26432943160E+00,+75.17310710E-03
+6.51420E-06,+2.26271754553E+00,+74.00627243E-03
+6.52420E-06,+2.26395096797E+00,+73.09429156E-03
+6.53420E-06,+2.26225554213E+00,+72.57261931E-03
+6.54420E-06,+2.26458372569E+00,+72.81008295E-03
+6.55420E-06,+2.25893140166E+00,+71.63724428E-03
+6.56420E-06,+2.26231036216E+00,+71.87652364E-03
+6.57420E-06,+2.26054773514E+00,+71.07884130E-03
+6.58420E-06,+2.25499366882E+00,+69.74456150E-03
+6.59420E-06,+2.25678441254E+00,+69.25825279E-03
+6.60420E-06,+2.24779245748E+00,+67.87086314E-03
+6.61420E-06,+2.24209505628E+00,+68.23652066E-03
+6.62420E-06,+2.23830642488E+00,+66.95293855E-03
+6.63420E-06,+2.23154733549E+00,+67.79209680E-03
+6.64420E-06,+2.22682657510E+00,+65.90098097E-03
+6.65420E-06,+2.22314347555E+00,+65.65172226E-03
+6.66420E-06,+2.21882893744E+00,+63.60046655E-03
+6.67420E-06,+2.21928547580E+00,+62.29814217E-03
+6.68420E-06,+2.21716315475E+00,+61.21869072E-03
+6.69420E-06,+2.20662174702E+00,+60.77887727E-03
+6.70420E-06,+2.19589976675E+00,+60.10311627E-03
+6.71420E-06,+2.18988007879E+00,+59.81625712E-03
+6.72420E-06,+2.18249284871E+00,+59.79282811E-03
+6.73420E-06,+2.18114609259E+00,+58.49446683E-03
+6.74420E-06,+2.16515999478E+00,+57.31629314E-03
+6.75420E-06,+2.15890414159E+00,+55.87427379E-03
+6.76420E-06,+2.15199142797E+00,+54.81822968E-03
+6.77420E-06,+2.14069978296E+00,+53.65353769E-03
+6.78420E-06,+2.13415624240E+00,+53.72009249E-03
+6.79420E-06,+2.11646861297E+00,+53.40751560E-03
+6.80420E-06,+2.10686046493E+00,+53.61646020E-03
+6.81420E-06,+2.10288112238E+00,+53.20565012E-03
+6.82420E-06,+2.09243184774E+00,+51.53024706E-03
+6.83420E-06,+2.08126052789E+00,+50.48612428E-03
+6.84420E-06,+2.06837870622E+00,+48.85234789E-03
+6.85420E-06,+2.05329518847E+00,+47.67295211E-03
+6.86420E-06,+2.04565438040E+00,+46.06318516E-03
+6.87420E-06,+2.02928456121E+00,+46.45996422E-03
+6.88420E-06,+2.01769556135E+00,+45.80629235E-03
+6.89420E-06,+2.00859696258E+00,+45.77288209E-03
+6.90420E-06,+1.98761722914E+00,+44.46987176E-03
+6.91420E-06,+1.97699797282E+00,+42.94511261E-03
+6.92420E-06,+1.96593789486E+00,+41.04469961E-03
+6.93420E-06,+1.94960129936E+00,+39.08029945E-03
+6.94420E-06,+1.93688292016E+00,+38.43785542E-03
+6.95420E-06,+1.91631025702E+00,+37.74082503E-03
+6.96420E-06,+1.90436542634E+00,+38.06853160E-03
+6.97420E-06,+1.89074303486E+00,+38.01346659E-03
+6.98420E-06,+1.86971315494E+00,+39.06427463E-03
+6.99420E-06,+1.85756739914E+00,+37.59773985E-03
+7.00420E-06,+1.84099164207E+00,+36.58701130E-03
+7.01420E-06,+1.82843583846E+00,+33.77211105E-03
+7.02420E-06,+1.80835663099E+00,+32.71294621E-03
+7.03420E-06,+1.79629905082E+00,+30.16581231E-03
+7.04420E-06,+1.77099313308E+00,+30.43325925E-03
+7.05420E-06,+1.74908688646E+00,+29.51976418E-03
+7.06420E-06,+1.73601783997E+00,+29.09951276E-03
+7.07420E-06,+1.71872288328E+00,+27.42017771E-03
+7.08420E-06,+1.69541215839E+00,+25.90217825E-03
+7.09420E-06,+1.68228885721E+00,+24.41292774E-03
+7.10420E-06,+1.65531091909E+00,+21.50953713E-03
+7.11420E-06,+1.63723949291E+00,+20.71576795E-03
+7.12420E-06,+1.61845378565E+00,+19.36549065E-03
+7.13420E-06,+1.59836304505E+00,+19.10737952E-03
+7.14420E-06,+1.57801866993E+00,+18.69114396E-03
+7.15420E-06,+1.55472449093E+00,+18.69564320E-03
+7.16420E-06,+1.53432863134E+00,+17.27016880E-03
+7.17420E-06,+1.50793302178E+00,+16.43587256E-03
+7.18420E-06,+1.49435476523E+00,+14.08761534E-03
+7.19420E-06,+1.47198604409E+00,+12.69857298E-03
+7.20420E-06,+1.44994258721E+00,+11.41155920E-03
+7.21420E-06,+1.42877549703E+00,+10.61272355E-03
+7.22420E-06,+1.40729669213E+00,+10.27965182E-03
+7.23420E-06,+1.38411516838E+00,+10.09413340E-03
+7.24420E-06,+1.35775010653E+00,+9.56610381E-03
+7.25420E-06,+1.33491538685E+00,+8.10447626E-03
+7.26420E-06,+1.30610140168E+00,+6.29027055E-03
+7.27420E-06,+1.28656298845E+00,+3.64524738E-03
+7.28420E-06,+1.26343304340E+00,+2.47141934E-03
+7.29420E-06,+1.24073707927E+00,+708.67360E-06
+7.30420E-06,+1.22037203122E+00,+17.23546E-06
+7.31420E-06,+1.19169469096E+00,-469.24662E-06
+7.32420E-06,+1.16045793931E+00,-723.95153E-06
+7.33420E-06,+1.13824242782E+00,-1.04081282E-03
+7.34420E-06,+1.10991931655E+00,-2.51892877E-03
+7.35420E-06,+1.09179670742E+00,-3.53193096E-03
+7.36420E-06,+1.06644405414E+00,-5.50862653E-03
+7.37420E-06,+1.04317084959E+00,-6.91404517E-03
+7.38420E-06,+1.01251555963E+00,-7.90714613E-03
+7.39420E-06,+995.85085428E-03,-8.71706262E-03
+7.40420E-06,+969.42337787E-03,-8.99149822E-03
+7.41420E-06,+941.80064009E-03,-9.02574802E-03
+7.42420E-06,+911.07598178E-03,-9.72536771E-03
+7.43420E-06,+880.47862128E-03,-10.82135374E-03
+7.44420E-06,+860.51238943E-03,-11.98303337E-03
+7.45420E-06,+830.90450317E-03,-14.87447437E-03
+7.46420E-06,+804.03467866E-03,-16.41198686E-03
+7.47420E-06,+776.48236455E-03,-18.58108019E-03
+7.48420E-06,+750.57163619E-03,-19.32942262E-03
+7.49420E-06,+715.30714810E-03,-21.19796122E-03
+7.50420E-06,+692.50346610E-03,-22.16477344E-03
+7.51420E-06,+667.98773699E-03,-23.31718416E-03
+7.52420E-06,+638.87479514E-03,-24.49800368E-03
+7.53420E-06,+603.20570544E-03,-25.77650895E-03
+7.54420E-06,+581.17219871E-03,-28.13921462E-03
+7.55420E-06,+556.51030798E-03,-30.17863003E-03
+7.56420E-06,+529.83556665E-03,-31.67647102E-03
+7.57420E-06,+499.48639447E-03,-31.37169690E-03
+7.58420E-06,+470.60852484E-03,-32.57869397E-03
+7.59420E-06,+440.09828465E-03,-32.81947998E-03
+7.60420E-06,+413.07281950E-03,-33.92229544E-03
+7.61420E-06,+378.45318760E-03,-34.11421737E-03
+7.62420E-06,+355.72927637E-03,-35.05898568E-03
+7.63420E-06,+323.40287060E-03,-34.54795331E-03
+7.64420E-06,+292.17439189E-03,-35.99107415E-03
+7.65420E-06,+265.45922810E-03,-36.35408866E-03
+7.66420E-06,+238.14494486E-03,-37.04787206E-03
+7.67420E-06,+209.03903219E-03,-38.28433325E-03
+7.68420E-06,+182.71471317E-03,-40.10365538E-03
+7.69420E-06,+149.32060766E-03,-41.80294726E-03
+7.70420E-06,+125.42561318E-03,-43.68289367E-03
+7.71420E-06,+97.39684157E-03,-45.12413284E-03
+7.72420E-06,+64.10472507E-03,-46.89107536E-03
+7.73420E-06,+36.87221018E-03,-47.59665665E-03
+7.74420E-06,+6.35192562E-03,-48.56835631E-03
+7.75420E-06,-11.30590990E-03,-48.10222586E-03
+7.76420E-06,-41.16556502E-03,-48.94860173E-03
+7.77420E-06,-73.05757528E-03,-48.73984370E-03
+7.78420E-06,-98.53611299E-03,-49.58241100E-03
+7.79420E-06,-126.93420841E-03,-50.42270371E-03
+7.80420E-06,-159.40965909E-03,-50.85840329E-03
+7.81420E-06,-182.29716355E-03,-51.79181750E-03
+7.82420E-06,-208.14472355E-03,-53.55092334E-03
+7.83420E-06,-243.66550330E-03,-54.70414345E-03
+7.84420E-06,-272.02713369E-03,-55.85815693E-03
+7.85420E-06,-297.96405657E-03,-56.95677938E-03
+7.86420E-06,-328.61772586E-03,-57.90289417E-03
+7.87420E-06,-352.06679171E-03,-58.17414967E-03
+7.88420E-06,-382.43149215E-03,-60.01610556E-03
+7.89420E-06,-413.47513934E-03,-59.93040803E-03
+7.90420E-06,-439.64553261E-03,-61.23474788E-03
+7.91420E-06,-468.56936514E-03,-61.71767580E-03
+7.92420E-06,-504.03311999E-03,-62.94610526E-03
+7.93420E-06,-531.20382336E-03,-64.18351247E-03
+7.94420E-06,-559.35542651E-03,-65.44341775E-03
+7.95420E-06,-581.27818133E-03,-66.40110147E-03
+7.96420E-06,-612.24592096E-03,-66.95746731E-03
+7.97420E-06,-633.52566640E-03,-68.62313505E-03
+7.98420E-06,-668.75721347E-03,-68.40335364E-03
+7.99420E-06,-691.88476521E-03,-69.40501022E-03
+8.00420E-06,-723.77636088E-03,-68.90386675E-03
+8.01420E-06,-750.68992458E-03,-70.21516887E-03
+8.02420E-06,-778.16229830E-03,-70.19125366E-03
+8.03420E-06,-802.52785181E-03,-72.39362816E-03
+8.04420E-06,-828.88982309E-03,-72.04573580E-03
+8.05420E-06,-862.01825214E-03,-72.93284131E-03
+8.06420E-06,-880.27145695E-03,-72.81648584E-03
+8.07420E-06,-911.10901550E-03,-74.26711640E-03
+8.08420E-06,-941.72654012E-03,-74.30145665E-03
+8.09420E-06,-975.60759978E-03,-75.66657626E-03
+8.10420E-06,-998.26268916E-03,-76.89149490E-03
+8.11420E-06,-1.02789070185E+00,-77.81920945E-03
+8.12420E-06,-1.04430292223E+00,-79.46637425E-03
+8.13420E-06,-1.07404010386E+00,-79.71989287E-03
+8.14420E-06,-1.10416696188E+00,-80.19686389E-03
+8.15420E-06,-1.12579417096E+00,-80.41543262E-03
+8.16420E-06,-1.15159548540E+00,-80.79187418E-03
+8.17420E-06,-1.17189120279E+00,-81.60121496E-03
+8.18420E-06,-1.19481990235E+00,-83.16483905E-03
+8.19420E-06,-1.21597314147E+00,-84.24233251E-03
+8.20420E-06,-1.24901772923E+00,-84.71150548E-03
+8.21420E-06,-1.26911634703E+00,-85.97158225E-03
+8.22420E-06,-1.29431673292E+00,-85.40336952E-03
+8.23420E-06,-1.31980825482E+00,-85.95514661E-03
+8.24420E-06,-1.34754308251E+00,-85.50484500E-03
+8.25420E-06,-1.37297891751E+00,-85.76179340E-03
+8.26420E-06,-1.39005691201E+00,-85.61744184E-03
+8.27420E-06,-1.41498666521E+00,-86.44253513E-03
+8.28420E-06,-1.43925166193E+00,-87.57831799E-03
+8.29420E-06,-1.46363172607E+00,-89.39095863E-03
+8.30420E-06,-1.48253864420E+00,-90.71206862E-03
+8.31420E-06,-1.50675541664E+00,-91.28673953E-03
+8.32420E-06,-1.52743756908E+00,-90.80709535E-03
+8.33420E-06,-1.55158994823E+00,-90.36157847E-03
+8.34420E-06,-1.57723302142E+00,-90.74809738E-03
+8.35420E-06,-1.59251565517E+00,-90.23047493E-03
+8.36420E-06,-1.61488880488E+00,-91.40753393E-03
+8.37420E-06,-1.63684847701E+00,-91.39878515E-03
+8.38420E-06,-1.65452278303E+00,-90.39851462E-03
+8.39420E-06,-1.68169861224E+00,-91.10068686E-03
+8.40420E-06,-1.70045279185E+00,-90.30393735E-03
+8.41420E-06,-1.71511177001E+00,-89.96817926E-03
+8.42420E-06,-1.73917725499E+00,-89.70433077E-03
+8.43420E-06,-1.76169573715E+00,-89.88569481E-03
+8.44420E-06,-1.78460052244E+00,-89.74867488E-03
+8.45420E-06,-1.79230325509E+00,-90.77084421E-03
+8.46420E-06,-1.80440095620E+00,-91.07959368E-03
+8.47420E-06,-1.83074216032E+00,-91.27845622E-03
+8.48420E-06,-1.84901997667E+00,-91.42538483E-03
+8.49420E-06,-1.86857082759E+00,-91.33391227E-03
+8.50420E-06,-1.88596174289E+00,-91.48775133E-03
+8.51420E-06,-1.89603545603E+00,-91.94714376E-03
+8.52420E-06,-1.91716856872E+00,-92.13473418E-03
+8.53420E-06,-1.93248627297E+00,-92.56522124E-03
+8.54420E-06,-1.94939741406E+00,-93.46826772E-03
+8.55420E-06,-1.96360918212E+00,-94.13073831E-03
+8.56420E-06,-1.98323680747E+00,-94.27234227E-03
+8.57420E-06,-1.99643842836E+00,-93.76040911E-03
+8.58420E-06,-2.00727408152E+00,-94.07358150E-03
+8.59420E-06,-2.01744620312E+00,-94.08445411E-03
+8.60420E-06,-2.04140585472E+00,-94.03346243E-03
+8.61420E-06,-2.04480790031E+00,-94.10474261E-03
+8.62420E-06,-2.06685326053E+00,-93.47213282E-03
+8.63420E-06,-2.07697802471E+00,-93.58620522E-03
+8.64420E-06,-2.08601170254E+00,-92.52346737E-03
+8.65420E-06,-2.10428345080E+00,-92.29072251E-03
+8.66420E-06,-2.11117843130E+00,-91.34777934E-03
+8.67420E-06,-2.12507850349E+00,-92.30707053E-03
+8.68420E-06,-2.13767250586E+00,-91.66497984E-03
+8.69420E-06,-2.15058054089E+00,-92.86561014E-03
+8.70420E-06,-2.16004799235E+00,-92.31848870E-03
+8.71420E-06,-2.17086395251E+00,-92.56703319E-03
+8.72420E-06,-2.18841815951E+00,-91.26700224E-03
+8.73420E-06,-2.19372017430E+00,-91.56724226E-03
+8.74420E-06,-2.20366221761E+00,-91.33809774E-03
+8.75420E-06,-2.20948047163E+00,-91.72704011E-03
+8.76420E-06,-2.21703370709E+00,-91.95082042E-03
+8.77420E-06,-2.23079728513E+00,-91.80476998E-03
+8.78420E-06,-2.23839256373E+00,-91.97948645E-03
+8.79420E-06,-2.23872167237E+00,-91.76497693E-03
+8.80420E-06,-2.24485371407E+00,-90.91503182E-03
+8.81420E-06,-2.25087085796E+00,-90.05862760E-03
+8.82420E-06,-2.26110748591E+00,-88.63970183E-03
+8.83420E-06,-2.26895515526E+00,-86.87912797E-03
+8.84420E-06,-2.27612781646E+00,-86.87172095E-03
+8.85420E-06,-2.28082528446E+00,-86.29436463E-03
+8.86420E-06,-2.28130892189E+00,-86.96936053E-03
+8.87420E-06,-2.28923766232E+00,-87.44479757E-03
+8.88420E-06,-2.29657738422E+00,-87.80017045E-03
+8.89420E-06,-2.30472540478E+00,-87.17054666E-03
+8.90420E-06,-2.31126493136E+00,-86.08282037E-03
+8.91420E-06,-2.31518276392E+00,-85.35040383E-03
+8.92420E-06,-2.31924050156E+00,-84.18776877E-03
+8.93420E-06,-2.31886275404E+00,-84.16736155E-03
+8.94420E-06,-2.31949669899E+00,-84.01826105E-03
+8.95420E-06,-2.32145333502E+00,-84.65427235E-03
+8.96420E-06,-2.32136766577E+00,-84.59825472E-03
+8.97420E-06,-2.32507671484E+00,-84.46106708E-03
+8.98420E-06,-2.32901763249E+00,-83.84998862E-03
+8.99420E-06,-2.33113141677E+00,-81.57039589E-03
+9.00420E-06,-2.32540493777E+00,-80.20112662E-03
+9.01420E-06,-2.32781971398E+00,-78.62285434E-03
+9.02420E-06,-2.32628584611E+00,-77.90972281E-03
+9.03420E-06,-2.32705700132E+00,-77.98625319E-03
+9.04420E-06,-2.32527274027E+00,-79.10694405E-03
+9.05420E-06,-2.32122393515E+00,-78.77317976E-03
+9.06420E-06,-2.31985524348E+00,-79.78340891E-03
+9.07420E-06,-2.32170278595E+00,-78.05402349E-03
+9.08420E-06,-2.31930717508E+00,-76.93089315E-03
+9.09420E-06,-2.31756998878E+00,-75.10442972E-03
+9.10420E-06,-2.31853063021E+00,-73.59335484E-03
+9.11420E-06,-2.31661564157E+00,-72.32113531E-03
+9.12420E-06,-2.30513047751E+00,-72.16955953E-03
+9.13420E-06,-2.30100689553E+00,-71.76470917E-03
+9.14420E-06,-2.29288216736E+00,-71.91284857E-03
+9.15420E-06,-2.29216179935E+00,-71.45746259E-03
+9.16420E-06,-2.28725198618E+00,-69.60010282E-03
+9.17420E-06,-2.28138036319E+00,-68.43626922E-03
+9.18420E-06,-2.27963469665E+00,-65.14734530E-03
+9.19420E-06,-2.27141661047E+00,-64.57786053E-03
+9.20420E-06,-2.25471809723E+00,-64.87186380E-03
+9.21420E-06,-2.25536723123E+00,-65.35383911E-03
+9.22420E-06,-2.24732651396E+00,-66.21654226E-03
+9.23420E-06,-2.23866151921E+00,-66.70471191E-03
+9.24420E-06,-2.23430442915E+00,-66.19966470E-03
+9.25420E-06,-2.22808519175E+00,-64.31622538E-03
+9.26420E-06,-2.22214273050E+00,-62.59037433E-03
+9.27420E-06,-2.20231335085E+00,-59.86152871E-03
+9.28420E-06,-2.20319148898E+00,-58.53708504E-03
+9.29420E-06,-2.19380348793E+00,-55.74569766E-03
+9.30420E-06,-2.17681321680E+00,-56.69276317E-03
+9.31420E-06,-2.15823416353E+00,-56.25511596E-03
+9.32420E-06,-2.15169567342E+00,-57.76456357E-03
+9.33420E-06,-2.14313688895E+00,-56.64029311E-03
+9.34420E-06,-2.12947518685E+00,-56.32030544E-03
+9.35420E-06,-2.11960271919E+00,-54.17576428E-03
+9.36420E-06,-2.10837561822E+00,-53.54092985E-03
+9.37420E-06,-2.09317799414E+00,-51.96478328E-03
+9.38420E-06,-2.07911233116E+00,-51.40876983E-03
+9.39420E-06,-2.07339384244E+00,-51.86689400E-03
+9.40420E-06,-2.06050570770E+00,-50.66473537E-03
+9.41420E-06,-2.04122400071E+00,-50.56070734E-03
+9.42420E-06,-2.03580946258E+00,-48.51514847E-03
+9.43420E-06,-2.01473674804E+00,-46.47838831E-03
+9.44420E-06,-2.00190906798E+00,-43.18931080E-03
+9.45420E-06,-1.98464526204E+00,-42.62696357E-03
+9.46420E-06,-1.97337549604E+00,-41.02779974E-03
+9.47420E-06,-1.95935685127E+00,-41.68163462E-03
+9.48420E-06,-1.94601129247E+00,-40.67249188E-03
+9.49420E-06,-1.91845481362E+00,-41.34458471E-03
+9.50420E-06,-1.91079757274E+00,-40.80585023E-03
+9.51420E-06,-1.88697520678E+00,-39.81032015E-03
+9.52420E-06,-1.87309697592E+00,-38.36663868E-03
+9.53420E-06,-1.86388459119E+00,-36.52978319E-03
+9.54420E-06,-1.84038637765E+00,-34.81268469E-03
+9.55420E-06,-1.82420862644E+00,-33.51519122E-03
+9.56420E-06,-1.79621311622E+00,-32.16520507E-03
+9.57420E-06,-1.78305229470E+00,-31.56730868E-03
+9.58420E-06,-1.76154616458E+00,-30.98760051E-03
+9.59420E-06,-1.74711328843E+00,-29.54011329E-03
+9.60420E-06,-1.72868723751E+00,-27.83652004E-03
+9.61420E-06,-1.70526513882E+00,-26.52292542E-03
+9.62420E-06,-1.68847777152E+00,-25.01248657E-03
+9.63420E-06,-1.66468395570E+00,-24.73072875E-03
+9.64420E-06,-1.64511761421E+00,-24.15214657E-03
+9.65420E-06,-1.62287174346E+00,-23.49529838E-03
+9.66420E-06,-1.59808362909E+00,-22.90955228E-03
+9.67420E-06,-1.58084614957E+00,-22.49151609E-03
+9.68420E-06,-1.56011351144E+00,-19.97131921E-03
+9.69420E-06,-1.54315883846E+00,-19.24402944E-03
+9.70420E-06,-1.51838263411E+00,-17.57433171E-03
+9.71420E-06,-1.48837108850E+00,-17.50094561E-03
+9.72420E-06,-1.46720164270E+00,-16.12818248E-03
+9.73420E-06,-1.44838274944E+00,-15.35474138E-03
+9.74420E-06,-1.42246331470E+00,-14.61894499E-03
+9.75420E-06,-1.40058346989E+00,-12.77449309E-03
+9.76420E-06,-1.38210433268E+00,-11.60393749E-03
+9.77420E-06,-1.35785642835E+00,-8.93223078E-03
+9.78420E-06,-1.32606874387E+00,-8.64395731E-03
+9.79420E-06,-1.30508771013E+00,-7.75977748E-03
+9.80420E-06,-1.27879652057E+00,-7.22714877E-03
+9.81420E-06,-1.25851565302E+00,-5.78328073E-03
+9.82420E-06,-1.22980819850E+00,-5.20100211E-03
+9.83420E-06,-1.20374725684E+00,-3.92620364E-03
+9.84420E-06,-1.18160774713E+00,-2.68478245E-03
+9.85420E-06,-1.15722621308E+00,-133.36604E-06
+9.86420E-06,-1.12974147705E+00,+1.43278704E-03
+9.87420E-06,-1.10052247569E+00,+2.99056259E-03
+9.88420E-06,-1.07349550294E+00,+3.43434196E-03
+9.89420E-06,-1.05811044675E+00,+4.00362886E-03
+9.90420E-06,-1.02794538997E+00,+4.42748249E-03
+9.91420E-06,-999.29535608E-03,+4.95415713E-03
+9.92420E-06,-976.05256732E-03,+6.39233305E-03
+9.93420E-06,-942.26550640E-03,+6.64783981E-03
+9.94420E-06,-916.09530158E-03,+8.27141730E-03
