x-axis,2
second,Volt
-14.0000E-06,
-13.6300E-06,+3.7892261166E+00
-13.2600E-06,+3.7892261166E+00
-12.8900E-06,+3.7892261166E+00
-12.5200E-06,+3.7892261166E+00
-12.1500E-06,+3.7675175741E+00
-11.7800E-06,+3.8018894331E+00
-11.4100E-06,+3.7765628002E+00
-11.0400E-06,+3.7837989810E+00
-10.6700E-06,+3.7892261166E+00
-10.3000E-06,+3.8073165687E+00
-9.9300E-06,+3.7837989810E+00
-9.5600E-06,+3.7892261166E+00
-9.1900E-06,+3.7892261166E+00
-8.8200E-06,+3.7892261166E+00
-8.4500E-06,+3.7892261166E+00
-8.0800E-06,+3.7892261166E+00
-7.7100E-06,+3.7892261166E+00
-7.3400E-06,+3.7982713426E+00
-6.9700E-06,+3.7892261166E+00
-6.6000E-06,+3.7892261166E+00
-6.2300E-06,+3.7892261166E+00
-5.8600E-06,+3.7892261166E+00
-5.4900E-06,+3.7892261166E+00
-5.1200E-06,+3.7892261166E+00
-4.7500E-06,+3.8018894331E+00
-4.3800E-06,+3.7837989810E+00
-4.0100E-06,+3.7892261166E+00
-3.6400E-06,+3.7892261166E+00
-3.2700E-06,+3.8000803879E+00
-2.9000E-06,+3.7892261166E+00
-2.5300E-06,+3.7982713426E+00
-2.1600E-06,+3.7892261166E+00
-1.7900E-06,+3.7910351618E+00
-1.4200E-06,+3.7892261166E+00
-1.0500E-06,+3.7892261166E+00
-680.0E-09,+3.7892261166E+00
-310.0E-09,+3.8018894331E+00
+60.0E-09,+3.7837989810E+00
+430.0E-09,+3.7693266193E+00
+800.0E-09,+3.7458090317E+00
+1.1700E-06,+3.7241004892E+00
+1.5400E-06,+3.7241004892E+00
+1.9100E-06,+3.7023919467E+00
+2.2800E-06,+3.6861105398E+00
+2.6500E-06,+3.6806834042E+00
+3.0200E-06,+3.6589748617E+00
+3.3900E-06,+3.6372663192E+00
+3.7600E-06,+3.6372663192E+00
+4.1300E-06,+3.6282210932E+00
+4.5000E-06,+3.6101306411E+00
+4.8700E-06,+3.5938492343E+00
+5.2400E-06,+3.5721406918E+00
+5.6100E-06,+3.5504321493E+00
+5.9800E-06,+3.5413869233E+00
+6.3500E-06,+3.5287236068E+00
+6.7200E-06,+3.5070150644E+00
+7.0900E-06,+3.5070150644E+00
+7.4600E-06,+3.4853065219E+00
+7.8300E-06,+3.4853065219E+00
+8.2000E-06,+3.4509346629E+00
+8.5700E-06,+3.4418894369E+00
+8.9400E-06,+3.4201808944E+00
+9.3100E-06,+3.4201808944E+00
+9.6800E-06,+3.3984723520E+00
+10.0500E-06,+3.3821909451E+00
+10.4200E-06,+3.3767638095E+00
+10.7900E-06,+3.3641004930E+00
+11.1600E-06,+3.3550552670E+00
+11.5300E-06,+3.3333467245E+00
+11.9000E-06,+3.3333467245E+00
+12.2700E-06,+3.3279195889E+00
+12.6400E-06,+3.2989748656E+00
+13.0100E-06,+3.2899296395E+00
+13.3800E-06,+3.2682210971E+00
+13.7500E-06,+3.2664120519E+00
+14.1200E-06,+3.2465125546E+00
+14.4900E-06,+3.2302311477E+00
+14.8600E-06,+3.2248040121E+00
+15.2300E-06,+3.2157587861E+00
+15.6000E-06,+3.1868140628E+00
+15.9700E-06,+3.1813869271E+00
+16.3400E-06,+3.1795778819E+00
+16.7100E-06,+3.1596783847E+00
+17.0800E-06,+3.1470150682E+00
+17.4500E-06,+3.1379698422E+00
+17.8200E-06,+3.1162612997E+00
+18.1900E-06,+3.1162612997E+00
+18.5600E-06,+3.0945527572E+00
+18.9300E-06,+3.0945527572E+00
+19.3000E-06,+3.0728442147E+00
+19.6700E-06,+3.0511356723E+00
+20.0400E-06,+3.0511356723E+00
+20.4100E-06,+3.0312361750E+00
+20.7800E-06,+3.0294271298E+00
+21.1500E-06,+3.0131457229E+00
+21.5200E-06,+3.0203819037E+00
+21.8900E-06,+2.9950552708E+00
+22.2600E-06,+2.9860100448E+00
+22.6300E-06,+2.9661105475E+00
+23.0000E-06,+2.9444020051E+00
+23.3700E-06,+2.9588743667E+00
+23.7400E-06,+2.9425929599E+00
+24.1100E-06,+2.9299296434E+00
+24.4800E-06,+2.9208844174E+00
+24.8500E-06,+2.9009849201E+00
+25.2200E-06,+2.8792763776E+00
+25.5900E-06,+2.8991758749E+00
+25.9600E-06,+2.8774673324E+00
+26.3300E-06,+2.8557587899E+00
+26.7000E-06,+2.8557587899E+00
+27.0700E-06,+2.8358592927E+00
+27.4400E-06,+2.8340502474E+00
+27.8100E-06,+2.8177688406E+00
+28.1800E-06,+2.8123417050E+00
+28.5500E-06,+2.8032964789E+00
+28.9200E-06,+2.7906331625E+00
+29.2900E-06,+2.7888241173E+00
+29.6600E-06,+2.7888241173E+00
+30.0300E-06,+2.7526432131E+00
+30.4000E-06,+2.7562613036E+00
+30.7700E-06,+2.7345527611E+00
+31.1400E-06,+2.7472160775E+00
+31.5100E-06,+2.7255075350E+00
+31.8800E-06,+2.7056080378E+00
+32.2500E-06,+2.7037989926E+00
+32.6200E-06,+2.7037989926E+00
+32.9900E-06,+2.6820904501E+00
+33.3600E-06,+2.6820904501E+00
+33.7300E-06,+2.6802814049E+00
+34.1000E-06,+2.6603819076E+00
+34.4700E-06,+2.6549547720E+00
+34.8400E-06,+2.6386733651E+00
+35.2100E-06,+2.6386733651E+00
+35.5800E-06,+2.6169648226E+00
+35.9500E-06,+2.6151557774E+00
+36.3200E-06,+2.5952562802E+00
+36.6900E-06,+2.5789748733E+00
+37.0600E-06,+2.5735477377E+00
+37.4300E-06,+2.5735477377E+00
+37.8000E-06,+2.5572663308E+00
+38.1700E-06,+2.5518391952E+00
+38.5400E-06,+2.5319396979E+00
+38.9100E-06,+2.5301306527E+00
+39.2800E-06,+2.5301306527E+00
+39.6500E-06,+2.5084221102E+00
+40.0200E-06,+2.5029949746E+00
+40.3900E-06,+2.5084221102E+00
+40.7600E-06,+2.4849045225E+00
+41.1300E-06,+2.4812864321E+00
+41.5000E-06,+2.4740502513E+00
+41.8700E-06,+2.4650050253E+00
+42.2400E-06,+2.4432964828E+00
+42.6100E-06,+2.4414874376E+00
+42.9800E-06,+2.4233969855E+00
+43.3500E-06,+2.4215879403E+00
+43.7200E-06,+2.4125427143E+00
+44.0900E-06,+2.4215879403E+00
+44.4600E-06,+2.3998793978E+00
+44.8300E-06,+2.3998793978E+00
+45.2000E-06,+2.3799799006E+00
+45.5700E-06,+2.3781708553E+00
+45.9400E-06,+2.3691256293E+00
+46.3100E-06,+2.3564623129E+00
+46.6800E-06,+2.3564623129E+00
+47.0500E-06,+2.3365628156E+00
+47.4200E-06,+2.3347537704E+00
+47.7900E-06,+2.3184723635E+00
+48.1600E-06,+2.3257085443E+00
+48.5300E-06,+2.3220904539E+00
+48.9000E-06,+2.3130452279E+00
+49.2700E-06,+2.3112361827E+00
+49.6400E-06,+2.3112361827E+00
+50.0100E-06,+2.2696281429E+00
+50.3800E-06,+2.2696281429E+00
+50.7500E-06,+2.2569648265E+00
+51.1200E-06,+2.2479196005E+00
+51.4900E-06,+2.2678190977E+00
+51.8600E-06,+2.2461105553E+00
+52.2300E-06,+2.2316381936E+00
+52.6000E-06,+2.2352562840E+00
+52.9700E-06,+2.2135477415E+00
+53.3400E-06,+2.2207839224E+00
+53.7100E-06,+2.2244020128E+00
+54.0800E-06,+2.2045025155E+00
+54.4500E-06,+2.1827939730E+00
+54.8200E-06,+2.1827939730E+00
+55.1900E-06,+2.1737487470E+00
+55.5600E-06,+2.1610854305E+00
+55.9300E-06,+2.1411859333E+00
+56.3000E-06,+2.1610854305E+00
+56.6700E-06,+2.1393768881E+00
+57.0400E-06,+2.1393768881E+00
+57.4100E-06,+2.1393768881E+00
+57.7800E-06,+2.1339497524E+00
+58.1500E-06,+2.1176683456E+00
+58.5200E-06,+2.1176683456E+00
+58.8900E-06,+2.0959598031E+00
+59.2600E-06,+2.0959598031E+00
+59.6300E-06,+2.0959598031E+00
+60.0000E-06,+2.0959598031E+00
+60.3700E-06,+2.0760603058E+00
+60.7400E-06,+2.0742512606E+00
+61.1100E-06,+2.0742512606E+00
+61.4800E-06,+2.0525427181E+00
+61.8500E-06,+2.0398794017E+00
+62.2200E-06,+2.0525427181E+00
+62.5900E-06,+2.0308341756E+00
+62.9600E-06,+2.0308341756E+00
+63.3300E-06,+2.0308341756E+00
+63.7000E-06,+2.0091256332E+00
+64.0700E-06,+2.0091256332E+00
+64.4400E-06,+2.0091256332E+00
+64.8100E-06,+2.0091256332E+00
+65.1800E-06,+2.0073165880E+00
+65.5500E-06,+2.0036984975E+00
+65.9200E-06,+1.9874170907E+00
+66.2900E-06,+1.9657085482E+00
+66.6600E-06,+1.9819899551E+00
+67.0300E-06,+1.9657085482E+00
+67.4000E-06,+1.9638995030E+00
+67.7700E-06,+1.9440000057E+00
+68.1400E-06,+1.9566633222E+00
+68.5100E-06,+1.9313366893E+00
+68.8800E-06,+1.9277185989E+00
+69.2500E-06,+1.9222914632E+00
+69.6200E-06,+1.9222914632E+00
+69.9900E-06,+1.9222914632E+00
+70.3600E-06,+1.9005829208E+00
+70.7300E-06,+1.9005829208E+00
+71.1000E-06,+1.8788743783E+00
+71.4700E-06,+1.8987738756E+00
+71.8400E-06,+1.8788743783E+00
+72.2100E-06,+1.8625929714E+00
+72.5800E-06,+1.8788743783E+00
+72.9500E-06,+1.8662110618E+00
+73.3200E-06,+1.8788743783E+00
+73.6900E-06,+1.8571658358E+00
+74.0600E-06,+1.8553567906E+00
+74.4300E-06,+1.8408844289E+00
+74.8000E-06,+1.8445025194E+00
+75.1700E-06,+1.8227939769E+00
+75.5400E-06,+1.8191758865E+00
+75.9100E-06,+1.8155577960E+00
+76.2800E-06,+1.7938492536E+00
+76.6500E-06,+1.8137487508E+00
+77.0200E-06,+1.8137487508E+00
+77.3900E-06,+1.8010854344E+00
+77.7600E-06,+1.8083216152E+00
+78.1300E-06,+1.7703316659E+00
+78.5000E-06,+1.7920402084E+00
+78.8700E-06,+1.7703316659E+00
+79.2400E-06,+1.7612864398E+00
+79.6100E-06,+1.7703316659E+00
+79.9800E-06,+1.7486231234E+00
+80.3500E-06,+1.7486231234E+00
+80.7200E-06,+1.7468140782E+00
+81.0900E-06,+1.7486231234E+00
+81.4600E-06,+1.7269145809E+00
+81.8300E-06,+1.7269145809E+00
+82.2000E-06,+1.7269145809E+00
+82.5700E-06,+1.7269145809E+00
+82.9400E-06,+1.7070150836E+00
+83.3100E-06,+1.7052060384E+00
+83.6800E-06,+1.7088241288E+00
+84.0500E-06,+1.7052060384E+00
+84.4200E-06,+1.6889246316E+00
+84.7900E-06,+1.7033969932E+00
+85.1600E-06,+1.6834974959E+00
+85.5300E-06,+1.6834974959E+00
+85.9000E-06,+1.6708341795E+00
+86.2700E-06,+1.6617889535E+00
+86.6400E-06,+1.6780703603E+00
+87.0100E-06,+1.6599799083E+00
+87.3800E-06,+1.6400804110E+00
+87.7500E-06,+1.6400804110E+00
+88.1200E-06,+1.6400804110E+00
+88.4900E-06,+1.6310351850E+00
+88.8600E-06,+1.6400804110E+00
+89.2300E-06,+1.6183718685E+00
+89.6000E-06,+1.6183718685E+00
+89.9700E-06,+1.6292261397E+00
+90.3400E-06,+1.6057085521E+00
+90.7100E-06,+1.6057085521E+00
+91.0800E-06,+1.6129447329E+00
+91.4500E-06,+1.5966633260E+00
+91.8200E-06,+1.5767638288E+00
+92.1900E-06,+1.5749547835E+00
+92.5600E-06,+1.5966633260E+00
+92.9300E-06,+1.5749547835E+00
+93.3000E-06,+1.5695276479E+00
+93.6700E-06,+1.5532462411E+00
+94.0400E-06,+1.5550552863E+00
+94.4100E-06,+1.5532462411E+00
+94.7800E-06,+1.5532462411E+00
+95.1500E-06,+1.5442010150E+00
+95.5200E-06,+1.5478191054E+00
+95.8900E-06,+1.5315376986E+00
+96.2600E-06,+1.5315376986E+00
+96.6300E-06,+1.5315376986E+00
+97.0000E-06,+1.5224924725E+00
+97.3700E-06,+1.5315376986E+00
+97.7400E-06,+1.5098291561E+00
+98.1100E-06,+1.5098291561E+00
+98.4800E-06,+1.4899296588E+00
+98.8500E-06,+1.5044020205E+00
+99.2200E-06,+1.5098291561E+00
+99.5900E-06,+1.4881206136E+00
+99.9600E-06,+1.4664120711E+00
+100.3300E-06,+1.4881206136E+00
+100.7000E-06,+1.4664120711E+00
+101.0700E-06,+1.4826934780E+00
+101.4400E-06,+1.4754572972E+00
+101.8100E-06,+1.4537487547E+00
+102.1800E-06,+1.4664120711E+00
+102.5500E-06,+1.4447035287E+00
+102.9200E-06,+1.4447035287E+00
+103.2900E-06,+1.4447035287E+00
+103.6600E-06,+1.4320402122E+00
+104.0300E-06,+1.4320402122E+00
+104.4000E-06,+1.4447035287E+00
+104.7700E-06,+1.4447035287E+00
+105.1400E-06,+1.4030954889E+00
+105.5100E-06,+1.4012864437E+00
+105.8800E-06,+1.4229949862E+00
+106.2500E-06,+1.4103316697E+00
+106.6200E-06,+1.4012864437E+00
+106.9900E-06,+1.4012864437E+00
+107.3600E-06,+1.4012864437E+00
+107.7300E-06,+1.4012864437E+00
+108.1000E-06,+1.3795779012E+00
+108.4700E-06,+1.3795779012E+00
+108.8400E-06,+1.3958593081E+00
+109.2100E-06,+1.3795779012E+00
+109.5800E-06,+1.3795779012E+00
+109.9500E-06,+1.3795779012E+00
+110.3200E-06,+1.3795779012E+00
+110.6900E-06,+1.3578693587E+00
+111.0600E-06,+1.3578693587E+00
+111.4300E-06,+1.3379698615E+00
+111.8000E-06,+1.3578693587E+00
+112.1700E-06,+1.3524422231E+00
+112.5400E-06,+1.3361608163E+00
+112.9100E-06,+1.3361608163E+00
+113.2800E-06,+1.3361608163E+00
+113.6500E-06,+1.3162613190E+00
+114.0200E-06,+1.3144522738E+00
+114.3900E-06,+1.3144522738E+00
+114.7600E-06,+1.3144522738E+00
+115.1300E-06,+1.3144522738E+00
+115.5000E-06,+1.3144522738E+00
+115.8700E-06,+1.3144522738E+00
+116.2400E-06,+1.2927437313E+00
+116.6100E-06,+1.2927437313E+00
+116.9800E-06,+1.2927437313E+00
+117.3500E-06,+1.2800804148E+00
+117.7200E-06,+1.2927437313E+00
+118.0900E-06,+1.2710351888E+00
+118.4600E-06,+1.2710351888E+00
+118.8300E-06,+1.2710351888E+00
+119.2000E-06,+1.2710351888E+00
+119.5700E-06,+1.2710351888E+00
+119.9400E-06,+1.2710351888E+00
+120.3100E-06,+1.2493266463E+00
+120.6800E-06,+1.2493266463E+00
+121.0500E-06,+1.2493266463E+00
+121.4200E-06,+1.2493266463E+00
+121.7900E-06,+1.2493266463E+00
+122.1600E-06,+1.2276181038E+00
+122.5300E-06,+1.2276181038E+00
+122.9000E-06,+1.2276181038E+00
+123.2700E-06,+1.2113366970E+00
+123.6400E-06,+1.2185728778E+00
+124.0100E-06,+1.2276181038E+00
+124.3800E-06,+1.2221909682E+00
+124.7500E-06,+1.2059095614E+00
+125.1200E-06,+1.2258090586E+00
+125.4900E-06,+1.1896281545E+00
+125.8600E-06,+1.2059095614E+00
+126.2300E-06,+1.1842010189E+00
+126.6000E-06,+1.2004824257E+00
+126.9700E-06,+1.1842010189E+00
+127.3400E-06,+1.1842010189E+00
+127.7100E-06,+1.1896281545E+00
+128.0800E-06,+1.1715377024E+00
+128.4500E-06,+1.1751557929E+00
+128.8200E-06,+1.1787738833E+00
+129.1900E-06,+1.1606834312E+00
+129.5600E-06,+1.1624924764E+00
+129.9300E-06,+1.1624924764E+00
+130.3000E-06,+1.1407839339E+00
+130.6700E-06,+1.1624924764E+00
+131.0400E-06,+1.1462110695E+00
+131.4100E-06,+1.1407839339E+00
+131.7800E-06,+1.1425929791E+00
+132.1500E-06,+1.1407839339E+00
+132.5200E-06,+1.1407839339E+00
+132.8900E-06,+1.1407839339E+00
+133.2600E-06,+1.1407839339E+00
+133.6300E-06,+1.1208844366E+00
+134.0000E-06,+1.1407839339E+00
+134.3700E-06,+1.1353567983E+00
+134.7400E-06,+1.1317387079E+00
+135.1100E-06,+1.1190753914E+00
+135.4800E-06,+1.1190753914E+00
+135.8500E-06,+1.1190753914E+00
+136.2200E-06,+1.1172663462E+00
+136.5900E-06,+1.1136482558E+00
+136.9600E-06,+1.0973668490E+00
+137.3300E-06,+1.0973668490E+00
+137.7000E-06,+1.1136482558E+00
+138.0700E-06,+1.0973668490E+00
+138.4400E-06,+1.0774673517E+00
+138.8100E-06,+1.0810854421E+00
+139.1800E-06,+1.0756583065E+00
+139.5500E-06,+1.0756583065E+00
+139.9200E-06,+1.0756583065E+00
+140.2900E-06,+1.0557588092E+00
+140.6600E-06,+1.0557588092E+00
+141.0300E-06,+1.0756583065E+00
+141.4000E-06,+1.0539497640E+00
+141.7700E-06,+1.0666130804E+00
+142.1400E-06,+1.0485226284E+00
+142.5100E-06,+1.0539497640E+00
+142.8800E-06,+1.0521407188E+00
+143.2500E-06,+1.0648040352E+00
+143.6200E-06,+1.0449045380E+00
+143.9900E-06,+1.0322412215E+00
+144.3600E-06,+1.0322412215E+00
+144.7300E-06,+1.0322412215E+00
+145.1000E-06,+1.0322412215E+00
+145.4700E-06,+1.0322412215E+00
+145.8400E-06,+1.0231959955E+00
+146.2100E-06,+1.0322412215E+00
+146.5800E-06,+1.0105326790E+00
+146.9500E-06,+1.0304321763E+00
+147.3200E-06,+1.0105326790E+00
+147.6900E-06,+1.0105326790E+00
+148.0600E-06,+1.0105326790E+00
+148.4300E-06,+1.0014874530E+00
+148.8000E-06,+1.0105326790E+00
+149.1700E-06,+1.0105326790E+00
+149.5400E-06,+1.0105326790E+00
+149.9100E-06,+988.8241366E-03
+150.2800E-06,+988.8241366E-03
+150.6500E-06,+979.7789105E-03
+151.0200E-06,+972.5427297E-03
+151.3900E-06,+968.9246393E-03
+151.7600E-06,+968.9246393E-03
+152.1300E-06,+972.5427297E-03
+152.5000E-06,+958.0703680E-03
+152.8700E-06,+976.1608201E-03
+153.2400E-06,+967.1155941E-03
+153.6100E-06,+947.2160968E-03
+153.9800E-06,+967.1155941E-03
+154.3500E-06,+961.6884585E-03
+154.7200E-06,+954.4522776E-03
+155.0900E-06,+958.0703680E-03
+155.4600E-06,+961.6884585E-03
+155.8300E-06,+965.3065489E-03
+156.2000E-06,+965.3065489E-03
+156.5700E-06,+945.4070516E-03
+156.9400E-06,+945.4070516E-03
+157.3100E-06,+949.0251420E-03
+157.6800E-06,+945.4070516E-03
+158.0500E-06,+943.5980064E-03
+158.4200E-06,+923.6985091E-03
+158.7900E-06,+923.6985091E-03
+159.1600E-06,+923.6985091E-03
+159.5300E-06,+923.6985091E-03
+159.9000E-06,+918.2713735E-03
+160.2700E-06,+903.7990118E-03
+160.6400E-06,+921.8894639E-03
+161.0100E-06,+885.7085598E-03
+161.3800E-06,+911.0351927E-03
+161.7500E-06,+911.0351927E-03
+162.1200E-06,+901.9899666E-03
+162.4900E-06,+900.1809214E-03
+162.8600E-06,+882.0904694E-03
+163.2300E-06,+901.9899666E-03
+163.6000E-06,+892.9447406E-03
+163.9700E-06,+892.9447406E-03
+164.3400E-06,+901.9899666E-03
+164.7100E-06,+880.2814241E-03
+165.0800E-06,+860.3819269E-03
+165.4500E-06,+885.7085598E-03
+165.8200E-06,+867.6181077E-03
+166.1900E-06,+858.5728817E-03
+166.5600E-06,+858.5728817E-03
+166.9300E-06,+860.3819269E-03
+167.3000E-06,+858.5728817E-03
+167.6700E-06,+858.5728817E-03
+168.0400E-06,+871.2361981E-03
+168.4100E-06,+858.5728817E-03
+168.7800E-06,+853.1457460E-03
+169.1500E-06,+858.5728817E-03
+169.5200E-06,+858.5728817E-03
+169.8900E-06,+836.8643392E-03
+170.2600E-06,+858.5728817E-03
+170.6300E-06,+836.8643392E-03
+171.0000E-06,+836.8643392E-03
+171.3700E-06,+836.8643392E-03
+171.7400E-06,+836.8643392E-03
+172.1100E-06,+836.8643392E-03
+172.4800E-06,+836.8643392E-03
+172.8500E-06,+836.8643392E-03
+173.2200E-06,+820.5829323E-03
+173.5900E-06,+816.9648419E-03
+173.9600E-06,+816.9648419E-03
+174.3300E-06,+820.5829323E-03
+174.7000E-06,+815.1557967E-03
+175.0700E-06,+815.1557967E-03
+175.4400E-06,+815.1557967E-03
+175.8100E-06,+815.1557967E-03
+176.1800E-06,+815.1557967E-03
+176.5500E-06,+809.7286611E-03
+176.9200E-06,+793.4472542E-03
+177.2900E-06,+802.4924803E-03
+177.6600E-06,+815.1557967E-03
+178.0300E-06,+793.4472542E-03
+178.4000E-06,+793.4472542E-03
+178.7700E-06,+793.4472542E-03
+179.1400E-06,+793.4472542E-03
+179.5100E-06,+793.4472542E-03
+179.8800E-06,+793.4472542E-03
+180.2500E-06,+771.7387117E-03
+180.6200E-06,+773.5477570E-03
+180.9900E-06,+771.7387117E-03
+181.3600E-06,+784.4020282E-03
+181.7300E-06,+780.7839378E-03
+182.1000E-06,+771.7387117E-03
+182.4700E-06,+771.7387117E-03
+182.8400E-06,+769.9296665E-03
+183.2100E-06,+771.7387117E-03
+183.5800E-06,+762.6934857E-03
+183.9500E-06,+771.7387117E-03
+184.3200E-06,+771.7387117E-03
+184.6900E-06,+769.9296665E-03
+185.0600E-06,+769.9296665E-03
+185.4300E-06,+755.4573049E-03
+185.8000E-06,+750.0301693E-03
+186.1700E-06,+737.3668528E-03
+186.5400E-06,+750.0301693E-03
+186.9100E-06,+728.3216268E-03
+187.2800E-06,+730.1306720E-03
+187.6500E-06,+733.7487624E-03
+188.0200E-06,+728.3216268E-03
+188.3900E-06,+731.9397172E-03
+188.7600E-06,+728.3216268E-03
+189.1300E-06,+730.1306720E-03
+189.5000E-06,+728.3216268E-03
+189.8700E-06,+728.3216268E-03
+190.2400E-06,+728.3216268E-03
+190.6100E-06,+728.3216268E-03
+190.9800E-06,+728.3216268E-03
+191.3500E-06,+708.4221295E-03
+191.7200E-06,+708.4221295E-03
+192.0900E-06,+722.8944912E-03
+192.4600E-06,+706.6130843E-03
+192.8300E-06,+706.6130843E-03
+193.2000E-06,+722.8944912E-03
+193.5700E-06,+706.6130843E-03
+193.9400E-06,+704.8040391E-03
+194.3100E-06,+706.6130843E-03
+194.6800E-06,+706.6130843E-03
+195.0500E-06,+697.5678583E-03
+195.4200E-06,+706.6130843E-03
+195.7900E-06,+686.7135870E-03
+196.1600E-06,+686.7135870E-03
+196.5300E-06,+701.1859487E-03
+196.9000E-06,+684.9045418E-03
+197.2700E-06,+684.9045418E-03
+197.6400E-06,+679.4774062E-03
+198.0100E-06,+665.0050445E-03
+198.3800E-06,+684.9045418E-03
+198.7500E-06,+684.9045418E-03
+199.1200E-06,+675.8593158E-03
+199.4900E-06,+672.2412254E-03
+199.8600E-06,+663.1959993E-03
+200.2300E-06,+663.1959993E-03
+200.6000E-06,+663.1959993E-03
+200.9700E-06,+663.1959993E-03
+201.3400E-06,+654.1507733E-03
+201.7100E-06,+663.1959993E-03
+202.0800E-06,+657.7688637E-03
+202.4500E-06,+661.3869541E-03
+202.8200E-06,+663.1959993E-03
+203.1900E-06,+657.7688637E-03
+203.5600E-06,+650.5326829E-03
+203.9300E-06,+650.5326829E-03
+204.3000E-06,+657.7688637E-03
+204.6700E-06,+641.4874569E-03
+205.0400E-06,+641.4874569E-03
+205.4100E-06,+641.4874569E-03
+205.7800E-06,+641.4874569E-03
+206.1500E-06,+641.4874569E-03
+206.5200E-06,+641.4874569E-03
+206.8900E-06,+641.4874569E-03
+207.2600E-06,+639.6784116E-03
+207.6300E-06,+625.2060500E-03
+208.0000E-06,+641.4874569E-03
+208.3700E-06,+628.8241404E-03
+208.7400E-06,+603.4975075E-03
+209.1100E-06,+619.7789144E-03
+209.4800E-06,+619.7789144E-03
+209.8500E-06,+619.7789144E-03
+210.2200E-06,+628.8241404E-03
+210.5900E-06,+619.7789144E-03
+210.9600E-06,+619.7789144E-03
+211.3300E-06,+619.7789144E-03
+211.7000E-06,+598.0703719E-03
+212.0700E-06,+603.4975075E-03
+212.4400E-06,+610.7336883E-03
+212.8100E-06,+607.1155979E-03
+213.1800E-06,+598.0703719E-03
+213.5500E-06,+617.9698692E-03
+213.9200E-06,+598.0703719E-03
+214.2900E-06,+598.0703719E-03
+214.6600E-06,+598.0703719E-03
+215.0300E-06,+598.0703719E-03
+215.4000E-06,+598.0703719E-03
+215.7700E-06,+596.2613267E-03
+216.1400E-06,+598.0703719E-03
+216.5100E-06,+592.6432363E-03
+216.8800E-06,+598.0703719E-03
+217.2500E-06,+598.0703719E-03
+217.6200E-06,+576.3618294E-03
+217.9900E-06,+578.1708746E-03
+218.3600E-06,+578.1708746E-03
+218.7300E-06,+576.3618294E-03
+219.1000E-06,+585.4070555E-03
+219.4700E-06,+576.3618294E-03
+219.8400E-06,+576.3618294E-03
+220.2100E-06,+576.3618294E-03
+220.5800E-06,+576.3618294E-03
+220.9500E-06,+570.9346938E-03
+221.3200E-06,+576.3618294E-03
+221.6900E-06,+576.3618294E-03
+222.0600E-06,+570.9346938E-03
+222.4300E-06,+574.5527842E-03
+222.8000E-06,+574.5527842E-03
+223.1700E-06,+570.9346938E-03
+223.5400E-06,+567.3166034E-03
+223.9100E-06,+563.6985130E-03
+224.2800E-06,+554.6532869E-03
+224.6500E-06,+554.6532869E-03
+225.0200E-06,+552.8442417E-03
+225.3900E-06,+554.6532869E-03
+225.7600E-06,+554.6532869E-03
+226.1300E-06,+554.6532869E-03
+226.5000E-06,+549.2261513E-03
+226.8700E-06,+554.6532869E-03
+227.2400E-06,+532.9447445E-03
+227.6100E-06,+549.2261513E-03
+227.9800E-06,+541.9899705E-03
+228.3500E-06,+541.9899705E-03
+228.7200E-06,+532.9447445E-03
+229.0900E-06,+532.9447445E-03
+229.4600E-06,+532.9447445E-03
+229.8300E-06,+527.5176088E-03
+230.2000E-06,+520.2814280E-03
+230.5700E-06,+532.9447445E-03
+230.9400E-06,+511.2362020E-03
+231.3100E-06,+532.9447445E-03
+231.6800E-06,+531.1356992E-03
+232.0500E-06,+516.6633376E-03
+232.4200E-06,+511.2362020E-03
+232.7900E-06,+520.2814280E-03
+233.1600E-06,+511.2362020E-03
+233.5300E-06,+531.1356992E-03
+233.9000E-06,+491.3367047E-03
+234.2700E-06,+532.9447445E-03
+234.6400E-06,+511.2362020E-03
+235.0100E-06,+520.2814280E-03
+235.3800E-06,+505.8090664E-03
+235.7500E-06,+491.3367047E-03
+236.1200E-06,+511.2362020E-03
+236.4900E-06,+505.8090663E-03
+236.8600E-06,+489.5276595E-03
+237.2300E-06,+502.1909759E-03
+237.6000E-06,+489.5276595E-03
+237.9700E-06,+491.3367047E-03
+238.3400E-06,+491.3367047E-03
+238.7100E-06,+489.5276595E-03
+239.0800E-06,+489.5276595E-03
+239.4500E-06,+489.5276595E-03
+239.8200E-06,+489.5276595E-03
+240.1900E-06,+487.7186143E-03
+240.5600E-06,+487.7186143E-03
+240.9300E-06,+489.5276595E-03
+241.3000E-06,+489.5276595E-03
+241.6700E-06,+476.8643430E-03
+242.0400E-06,+489.5276595E-03
+242.4100E-06,+469.6281622E-03
+242.7800E-06,+489.5276595E-03
+243.1500E-06,+489.5276595E-03
+243.5200E-06,+480.4824335E-03
+243.8900E-06,+489.5276595E-03
+244.2600E-06,+473.2462526E-03
+244.6300E-06,+467.8191170E-03
+245.0000E-06,+487.7186143E-03
+245.3700E-06,+473.2462526E-03
+245.7400E-06,+476.8643430E-03
+246.1100E-06,+467.8191170E-03
+246.4800E-06,+451.5377101E-03
+246.8500E-06,+467.8191170E-03
+247.2200E-06,+467.8191170E-03
+247.5900E-06,+467.8191170E-03
+247.9600E-06,+467.8191170E-03
+248.3300E-06,+455.1558006E-03
+248.7000E-06,+467.8191170E-03
+249.0700E-06,+466.0100718E-03
+249.4400E-06,+467.8191170E-03
+249.8100E-06,+451.5377101E-03
+250.1800E-06,+458.7738910E-03
+250.5500E-06,+455.1558006E-03
+250.9200E-06,+446.1105745E-03
+251.2900E-06,+467.8191170E-03
+251.6600E-06,+446.1105745E-03
+252.0300E-06,+446.1105745E-03
+252.4000E-06,+446.1105745E-03
+252.7700E-06,+446.1105745E-03
+253.1400E-06,+446.1105745E-03
+253.5100E-06,+447.9196197E-03
+253.8800E-06,+426.2110773E-03
+254.2500E-06,+446.1105745E-03
+254.6200E-06,+446.1105745E-03
+254.9900E-06,+446.1105745E-03
+255.3600E-06,+446.1105745E-03
+255.7300E-06,+426.2110773E-03
+256.1000E-06,+446.1105745E-03
+256.4700E-06,+424.4020320E-03
+256.8400E-06,+424.4020320E-03
+257.2100E-06,+424.4020320E-03
+257.5800E-06,+429.8291677E-03
+257.9500E-06,+424.4020320E-03
+258.3200E-06,+444.3015293E-03
+258.6900E-06,+424.4020320E-03
+259.0600E-06,+415.3568060E-03
+259.4300E-06,+424.4020320E-03
+259.8000E-06,+424.4020320E-03
+260.1700E-06,+424.4020320E-03
+260.5400E-06,+424.4020320E-03
+260.9100E-06,+408.1206252E-03
+261.2800E-06,+424.4020320E-03
+261.6500E-06,+415.3568060E-03
+262.0200E-06,+408.1206252E-03
+262.3900E-06,+404.5025348E-03
+262.7600E-06,+402.6934896E-03
+263.1300E-06,+424.4020320E-03
+263.5000E-06,+415.3568060E-03
+263.8700E-06,+402.6934896E-03
+264.2400E-06,+424.4020320E-03
+264.6100E-06,+402.6934896E-03
+264.9800E-06,+382.7939923E-03
+265.3500E-06,+408.1206252E-03
+265.7200E-06,+402.6934896E-03
+266.0900E-06,+415.3568060E-03
+266.4600E-06,+402.6934896E-03
+266.8300E-06,+402.6934896E-03
+267.2000E-06,+402.6934896E-03
+267.5700E-06,+397.2663539E-03
+267.9400E-06,+402.6934896E-03
+268.3100E-06,+390.0301731E-03
+268.6800E-06,+397.2663539E-03
+269.0500E-06,+382.7939923E-03
+269.4200E-06,+380.9849471E-03
+269.7900E-06,+380.9849471E-03
+270.1600E-06,+390.0301731E-03
+270.5300E-06,+380.9849471E-03
+270.9000E-06,+386.4120827E-03
+271.2700E-06,+380.9849471E-03
+271.6400E-06,+379.1759019E-03
+272.0100E-06,+397.2663539E-03
+272.3800E-06,+368.3216306E-03
+272.7500E-06,+380.9849471E-03
+273.1200E-06,+380.9849471E-03
+273.4900E-06,+380.9849471E-03
+273.8600E-06,+379.1759019E-03
+274.2300E-06,+380.9849471E-03
+274.6000E-06,+380.9849471E-03
+274.9700E-06,+380.9849471E-03
+275.3400E-06,+375.5578115E-03
+275.7100E-06,+379.1759019E-03
+276.0800E-06,+361.0854498E-03
+276.4500E-06,+359.2764046E-03
+276.8200E-06,+368.3216306E-03
+277.1900E-06,+359.2764046E-03
+277.5600E-06,+375.5578115E-03
+277.9300E-06,+359.2764046E-03
+278.3000E-06,+359.2764046E-03
+278.6700E-06,+359.2764046E-03
+279.0400E-06,+362.8944950E-03
+279.4100E-06,+359.2764046E-03
+279.7800E-06,+359.2764046E-03
+280.1500E-06,+380.9849471E-03
+280.5200E-06,+359.2764046E-03
+280.8900E-06,+359.2764046E-03
+281.2600E-06,+359.2764046E-03
+281.6300E-06,+359.2764046E-03
+282.0000E-06,+359.2764046E-03
+282.3700E-06,+357.4673594E-03
+282.7400E-06,+359.2764046E-03
+283.1100E-06,+342.9949977E-03
+283.4800E-06,+359.2764046E-03
+283.8500E-06,+359.2764046E-03
+284.2200E-06,+353.8492690E-03
+284.5900E-06,+339.3769073E-03
+284.9600E-06,+337.5678621E-03
+285.3300E-06,+337.5678621E-03
+285.7000E-06,+337.5678621E-03
+286.0700E-06,+337.5678621E-03
+286.4400E-06,+337.5678621E-03
+286.8100E-06,+337.5678621E-03
+287.1800E-06,+335.7588169E-03
+287.5500E-06,+337.5678621E-03
+287.9200E-06,+337.5678621E-03
+288.2900E-06,+337.5678621E-03
+288.6600E-06,+337.5678621E-03
+289.0300E-06,+337.5678621E-03
+289.4000E-06,+339.3769073E-03
+289.7700E-06,+315.8593196E-03
+290.1400E-06,+328.5226361E-03
+290.5100E-06,+337.5678621E-03
+290.8800E-06,+321.2864553E-03
+291.2500E-06,+335.7588169E-03
+291.6200E-06,+335.7588169E-03
+291.9900E-06,+337.5678621E-03
+292.3600E-06,+315.8593196E-03
+292.7300E-06,+315.8593196E-03
+293.1000E-06,+321.2864553E-03
+293.4700E-06,+335.7588169E-03
+293.8400E-06,+337.5678621E-03
+294.2100E-06,+321.2864553E-03
+294.5800E-06,+315.8593196E-03
+294.9500E-06,+324.9045457E-03
+295.3200E-06,+332.1407265E-03
+295.6900E-06,+295.9598224E-03
+296.0600E-06,+315.8593196E-03
+296.4300E-06,+315.8593196E-03
+296.8000E-06,+303.1960032E-03
+297.1700E-06,+315.8593196E-03
+297.5400E-06,+315.8593196E-03
+297.9100E-06,+294.1507772E-03
+298.2800E-06,+315.8593196E-03
+298.6500E-06,+315.8593196E-03
+299.0200E-06,+315.8593196E-03
+299.3900E-06,+294.1507772E-03
+299.7600E-06,+294.1507772E-03
+300.1300E-06,+294.1507772E-03
+300.5000E-06,+294.1507772E-03
+300.8700E-06,+294.1507772E-03
+301.2400E-06,+294.1507772E-03
+301.6100E-06,+315.8593196E-03
+301.9800E-06,+294.1507772E-03
+302.3500E-06,+294.1507772E-03
+302.7200E-06,+294.1507772E-03
+303.0900E-06,+299.5779128E-03
+303.4600E-06,+285.1055511E-03
+303.8300E-06,+306.8140936E-03
+304.2000E-06,+288.7236415E-03
+304.5700E-06,+294.1507772E-03
+304.9400E-06,+294.1507772E-03
+305.3100E-06,+277.8693703E-03
+305.6800E-06,+294.1507772E-03
+306.0500E-06,+294.1507772E-03
+306.4200E-06,+288.7236415E-03
+306.7900E-06,+292.3417319E-03
+307.1600E-06,+294.1507772E-03
+307.5300E-06,+272.4422347E-03
+307.9000E-06,+285.1055511E-03
+308.2700E-06,+281.4874607E-03
+308.6400E-06,+294.1507772E-03
+309.0100E-06,+292.3417319E-03
+309.3800E-06,+272.4422347E-03
+309.7500E-06,+272.4422347E-03
+310.1200E-06,+281.4874607E-03
+310.4900E-06,+272.4422347E-03
+310.8600E-06,+272.4422347E-03
+311.2300E-06,+274.2512799E-03
+311.6000E-06,+272.4422347E-03
+311.9700E-06,+272.4422347E-03
+312.3400E-06,+285.1055511E-03
+312.7100E-06,+272.4422347E-03
+313.0800E-06,+256.1608278E-03
+313.4500E-06,+292.3417319E-03
+313.8200E-06,+290.5326868E-03
+314.1900E-06,+267.0150991E-03
+314.5600E-06,+272.4422347E-03
+314.9300E-06,+272.4422347E-03
+315.3000E-06,+267.0150991E-03
+315.6700E-06,+272.4422347E-03
+316.0400E-06,+272.4422347E-03
+316.4100E-06,+272.4422347E-03
+316.7800E-06,+259.7789182E-03
+317.1500E-06,+263.3970086E-03
+317.5200E-06,+272.4422347E-03
+317.8900E-06,+252.5427374E-03
+318.2600E-06,+250.7336922E-03
+318.6300E-06,+272.4422347E-03
+319.0000E-06,+272.4422347E-03
+319.3700E-06,+250.7336922E-03
+319.7400E-06,+267.0150991E-03
+320.1100E-06,+250.7336922E-03
+320.4800E-06,+250.7336922E-03
+320.8500E-06,+250.7336922E-03
+321.2200E-06,+250.7336922E-03
+321.5900E-06,+259.7789182E-03
+321.9600E-06,+250.7336922E-03
+322.3300E-06,+250.7336922E-03
+322.7000E-06,+250.7336922E-03
+323.0700E-06,+267.0150991E-03
+323.4400E-06,+263.3970087E-03
+323.8100E-06,+238.0703758E-03
+324.1800E-06,+250.7336922E-03
+324.5500E-06,+248.9246470E-03
+324.9200E-06,+270.6331895E-03
+325.2900E-06,+234.4522853E-03
+325.6600E-06,+250.7336922E-03
+326.0300E-06,+238.0703758E-03
+326.4000E-06,+250.7336922E-03
+326.7700E-06,+248.9246470E-03
+327.1400E-06,+250.7336922E-03
+327.5100E-06,+250.7336922E-03
+327.8800E-06,+241.6884662E-03
+328.2500E-06,+241.6884662E-03
+328.6200E-06,+250.7336922E-03
+328.9900E-06,+250.7336922E-03
+329.3600E-06,+248.9246470E-03
+329.7300E-06,+245.3065566E-03
+330.1000E-06,+250.7336922E-03
+330.4700E-06,+238.0703758E-03
+330.8400E-06,+229.0251497E-03
+331.2100E-06,+248.9246470E-03
+331.5800E-06,+229.0251497E-03
+331.9500E-06,+229.0251497E-03
+332.3200E-06,+241.6884662E-03
+332.6900E-06,+238.0703758E-03
+333.0600E-06,+229.0251497E-03
+333.4300E-06,+229.0251497E-03
+333.8000E-06,+229.0251497E-03
+334.1700E-06,+229.0251497E-03
+334.5400E-06,+219.9799237E-03
+334.9100E-06,+229.0251497E-03
+335.2800E-06,+212.7437429E-03
+335.6500E-06,+227.2161045E-03
+336.0200E-06,+250.7336922E-03
+336.3900E-06,+229.0251497E-03
+336.7600E-06,+229.0251497E-03
+337.1300E-06,+207.3166072E-03
+337.5000E-06,+223.5980141E-03
+337.8700E-06,+247.1156018E-03
+338.2400E-06,+209.1256524E-03
+338.6100E-06,+212.7437428E-03
+338.9800E-06,+229.0251497E-03
+339.3500E-06,+229.0251497E-03
+339.7200E-06,+229.0251497E-03
+340.0900E-06,+207.3166072E-03
+340.4600E-06,+229.0251497E-03
+340.8300E-06,+212.7437428E-03
+341.2000E-06,+219.9799237E-03
+341.5700E-06,+216.3618333E-03
+341.9400E-06,+223.5980141E-03
+342.3100E-06,+209.1256525E-03
+342.6800E-06,+209.1256524E-03
+343.0500E-06,+212.7437428E-03
+343.4200E-06,+207.3166072E-03
+343.7900E-06,+207.3166072E-03
+344.1600E-06,+223.5980141E-03
+344.5300E-06,+207.3166072E-03
+344.9000E-06,+209.1256524E-03
+345.2700E-06,+207.3166072E-03
+345.6400E-06,+216.3618333E-03
+346.0100E-06,+207.3166072E-03
+346.3800E-06,+207.3166072E-03
+346.7500E-06,+207.3166072E-03
+347.1200E-06,+187.4171100E-03
+347.4900E-06,+191.0352004E-03
+347.8600E-06,+207.3166072E-03
+348.2300E-06,+207.3166072E-03
+348.6000E-06,+207.3166072E-03
+348.9700E-06,+187.4171100E-03
+349.3400E-06,+187.4171100E-03
+349.7100E-06,+207.3166072E-03
+350.0800E-06,+185.6080648E-03
+350.4500E-06,+198.2713812E-03
+350.8200E-06,+185.6080648E-03
+351.1900E-06,+205.5075620E-03
+351.5600E-06,+187.4171100E-03
+351.9300E-06,+191.0352004E-03
+352.3000E-06,+207.3166072E-03
+352.6700E-06,+198.2713812E-03
+353.0400E-06,+185.6080648E-03
+353.4100E-06,+207.3166072E-03
+353.7800E-06,+187.4171100E-03
+354.1500E-06,+201.8894716E-03
+354.5200E-06,+198.2713812E-03
+354.8900E-06,+185.6080648E-03
+355.2600E-06,+207.3166072E-03
+355.6300E-06,+185.6080648E-03
+356.0000E-06,+185.6080648E-03
+356.3700E-06,+185.6080648E-03
+356.7400E-06,+185.6080648E-03
+357.1100E-06,+194.6532908E-03
+357.4800E-06,+169.3266579E-03
+357.8500E-06,+185.6080648E-03
+358.2200E-06,+185.6080648E-03
+358.5900E-06,+180.1809291E-03
+358.9600E-06,+194.6532908E-03
+359.3300E-06,+176.5628387E-03
+359.7000E-06,+185.6080648E-03
+360.0700E-06,+185.6080648E-03
+360.4400E-06,+185.6080648E-03
+360.8100E-06,+180.1809291E-03
+361.1800E-06,+185.6080648E-03
+361.5500E-06,+172.9447483E-03
+361.9200E-06,+196.4623360E-03
+362.2900E-06,+183.7990195E-03
+362.6600E-06,+183.7990196E-03
+363.0300E-06,+185.6080648E-03
+363.4000E-06,+185.6080648E-03
+363.7700E-06,+185.6080648E-03
+364.1400E-06,+163.8995223E-03
+364.5100E-06,+165.7085675E-03
+364.8800E-06,+185.6080648E-03
+365.2500E-06,+169.3266579E-03
+365.6200E-06,+163.8995223E-03
+365.9900E-06,+176.5628387E-03
+366.3600E-06,+163.8995223E-03
+366.7300E-06,+185.6080648E-03
+367.1000E-06,+167.5176127E-03
+367.4700E-06,+169.3266579E-03
+367.8400E-06,+154.8542963E-03
+368.2100E-06,+163.8995223E-03
+368.5800E-06,+163.8995223E-03
+368.9500E-06,+163.8995223E-03
+369.3200E-06,+163.8995223E-03
+369.6900E-06,+163.8995223E-03
+370.0600E-06,+163.8995223E-03
+370.4300E-06,+163.8995223E-03
+370.8000E-06,+163.8995223E-03
+371.1700E-06,+163.8995223E-03
+371.5400E-06,+163.8995223E-03
+371.9100E-06,+163.8995223E-03
+372.2800E-06,+163.8995223E-03
+372.6500E-06,+163.8995223E-03
+373.0200E-06,+163.8995223E-03
+373.3900E-06,+163.8995223E-03
+373.7600E-06,+163.8995223E-03
+374.1300E-06,+163.8995223E-03
+374.5000E-06,+172.9447483E-03
+374.8700E-06,+163.8995223E-03
+375.2400E-06,+163.8995223E-03
+375.6100E-06,+163.8995223E-03
+375.9800E-06,+163.8995223E-03
+376.3500E-06,+163.8995223E-03
+376.7200E-06,+163.8995223E-03
+377.0900E-06,+163.8995223E-03
+377.4600E-06,+163.8995223E-03
+377.8300E-06,+144.0000250E-03
+378.2000E-06,+144.0000250E-03
+378.5700E-06,+163.8995223E-03
+378.9400E-06,+163.8995223E-03
+379.3100E-06,+151.2362058E-03
+379.6800E-06,+163.8995223E-03
+380.0500E-06,+144.0000250E-03
+380.4200E-06,+163.8995223E-03
+380.7900E-06,+147.6181154E-03
+381.1600E-06,+163.8995223E-03
+381.5300E-06,+142.1909798E-03
+381.9000E-06,+142.1909798E-03
+382.2700E-06,+142.1909798E-03
+382.6400E-06,+142.1909798E-03
+383.0100E-06,+142.1909798E-03
+383.3800E-06,+154.8542963E-03
+383.7500E-06,+151.2362058E-03
+384.1200E-06,+142.1909798E-03
+384.4900E-06,+142.1909798E-03
+384.8600E-06,+142.1909798E-03
+385.2300E-06,+142.1909798E-03
+385.6000E-06,+142.1909798E-03
+385.9700E-06,+142.1909798E-03
+386.3400E-06,+142.1909798E-03
+386.7100E-06,+142.1909798E-03
+387.0800E-06,+142.1909798E-03
+387.4500E-06,+142.1909798E-03
+387.8200E-06,+142.1909798E-03
+388.1900E-06,+142.1909798E-03
+388.5600E-06,+142.1909798E-03
+388.9300E-06,+142.1909798E-03
+389.3000E-06,+142.1909798E-03
+389.6700E-06,+136.7638442E-03
+390.0400E-06,+142.1909798E-03
+390.4100E-06,+142.1909798E-03
+390.7800E-06,+142.1909798E-03
+391.1500E-06,+142.1909798E-03
+391.5200E-06,+142.1909798E-03
+391.8900E-06,+142.1909798E-03
+392.2600E-06,+151.2362058E-03
+392.6300E-06,+129.5276634E-03
+393.0000E-06,+142.1909798E-03
+393.3700E-06,+122.2914825E-03
+393.7400E-06,+140.3819346E-03
+394.1100E-06,+142.1909798E-03
+394.4800E-06,+142.1909798E-03
+394.8500E-06,+129.5276634E-03
+395.2200E-06,+142.1909798E-03
+395.5900E-06,+142.1909798E-03
+395.9600E-06,+122.2914825E-03
+396.3300E-06,+142.1909798E-03
+396.7000E-06,+129.5276633E-03
+397.0700E-06,+142.1909798E-03
+397.4400E-06,+136.7638442E-03
+397.8100E-06,+140.3819346E-03
+398.1800E-06,+142.1909798E-03
+398.5500E-06,+120.4824373E-03
+398.9200E-06,+129.5276633E-03
+399.2900E-06,+120.4824373E-03
+399.6600E-06,+142.1909798E-03
+400.0300E-06,+120.4824373E-03
+400.4000E-06,+140.3819346E-03
+400.7700E-06,+125.9095729E-03
+401.1400E-06,+120.4824373E-03
+401.5100E-06,+120.4824373E-03
+401.8800E-06,+125.9095730E-03
+402.2500E-06,+122.2914825E-03
+402.6200E-06,+120.4824373E-03
+402.9900E-06,+120.4824373E-03
+403.3600E-06,+116.8643469E-03
+403.7300E-06,+120.4824373E-03
+404.1000E-06,+120.4824373E-03
+404.4700E-06,+140.3819346E-03
+404.8400E-06,+100.5829400E-03
+405.2100E-06,+120.4824373E-03
+405.5800E-06,+120.4824373E-03
+405.9500E-06,+111.4372113E-03
+406.3200E-06,+125.9095730E-03
+406.6900E-06,+120.4824373E-03
+407.0600E-06,+118.6733921E-03
+407.4300E-06,+104.2010304E-03
+407.8000E-06,+120.4824373E-03
+408.1700E-06,+120.4824373E-03
+408.5400E-06,+120.4824373E-03
+408.9100E-06,+120.4824373E-03
+409.2800E-06,+120.4824373E-03
+409.6500E-06,+120.4824373E-03
+410.0200E-06,+120.4824373E-03
+410.3900E-06,+120.4824373E-03
+410.7600E-06,+120.4824373E-03
+411.1300E-06,+118.6733921E-03
+411.5000E-06,+118.6733921E-03
+411.8700E-06,+115.0553017E-03
+412.2400E-06,+120.4824373E-03
+412.6100E-06,+98.7738948E-03
+412.9800E-06,+115.0553017E-03
+413.3500E-06,+120.4824373E-03
+413.7200E-06,+100.5829400E-03
+414.0900E-06,+120.4824373E-03
+414.4600E-06,+107.8191208E-03
+414.8300E-06,+98.7738948E-03
+415.2000E-06,+120.4824373E-03
+415.5700E-06,+98.7738948E-03
+415.9400E-06,+98.7738948E-03
+416.3100E-06,+104.2010304E-03
+416.6800E-06,+89.7286688E-03
+417.0500E-06,+98.7738948E-03
+417.4200E-06,+98.7738948E-03
+417.7900E-06,+98.7738948E-03
+418.1600E-06,+98.7738948E-03
+418.5300E-06,+109.6281661E-03
+418.9000E-06,+111.4372113E-03
+419.2700E-06,+98.7738948E-03
+419.6400E-06,+98.7738948E-03
+420.0100E-06,+98.7738948E-03
+420.3800E-06,+98.7738948E-03
+420.7500E-06,+104.2010304E-03
+421.1200E-06,+98.7738948E-03
+421.4900E-06,+107.8191209E-03
+421.8600E-06,+98.7738948E-03
+422.2300E-06,+98.7738948E-03
+422.6000E-06,+98.7738948E-03
+422.9700E-06,+93.3467592E-03
+423.3400E-06,+107.8191208E-03
+423.7100E-06,+98.7738948E-03
+424.0800E-06,+98.7738948E-03
+424.4500E-06,+98.7738948E-03
+424.8200E-06,+100.5829400E-03
+425.1900E-06,+98.7738948E-03
+425.5600E-06,+98.7738948E-03
+425.9300E-06,+98.7738948E-03
+426.3000E-06,+98.7738948E-03
+426.6700E-06,+98.7738948E-03
+427.0400E-06,+98.7738948E-03
+427.4100E-06,+98.7738948E-03
+427.7800E-06,+98.7738948E-03
+428.1500E-06,+98.7738948E-03
+428.5200E-06,+104.2010305E-03
+428.8900E-06,+78.8743976E-03
+429.2600E-06,+98.7738948E-03
+429.6300E-06,+93.3467592E-03
+430.0000E-06,+89.7286688E-03
+430.3700E-06,+98.7738948E-03
+430.7400E-06,+98.7738948E-03
+431.1100E-06,+98.7738948E-03
+431.4800E-06,+98.7738948E-03
+431.8500E-06,+77.0653524E-03
+432.2200E-06,+98.7738948E-03
+432.5900E-06,+77.0653524E-03
+432.9600E-06,+98.7738948E-03
+433.3300E-06,+77.0653524E-03
+433.7000E-06,+78.8743975E-03
+434.0700E-06,+93.3467592E-03
+434.4400E-06,+86.1105784E-03
+434.8100E-06,+77.0653524E-03
+435.1800E-06,+77.0653524E-03
+435.5500E-06,+77.0653524E-03
+435.9200E-06,+96.9648496E-03
+436.2900E-06,+93.3467592E-03
+436.6600E-06,+86.1105784E-03
+437.0300E-06,+77.0653524E-03
+437.4000E-06,+82.4924880E-03
+437.7700E-06,+98.7738948E-03
+438.1400E-06,+77.0653524E-03
+438.5100E-06,+77.0653524E-03
+438.8800E-06,+77.0653524E-03
+439.2500E-06,+89.7286688E-03
+439.6200E-06,+93.3467592E-03
+439.9900E-06,+96.9648496E-03
+440.3600E-06,+77.0653524E-03
+440.7300E-06,+77.0653524E-03
+441.1000E-06,+86.1105784E-03
+441.4700E-06,+68.0201263E-03
+441.8400E-06,+82.4924880E-03
+442.2100E-06,+77.0653524E-03
+442.5800E-06,+77.0653524E-03
+442.9500E-06,+77.0653524E-03
+443.3200E-06,+77.0653524E-03
+443.6900E-06,+86.1105784E-03
+444.0600E-06,+77.0653524E-03
+444.4300E-06,+77.0653524E-03
+444.8000E-06,+77.0653524E-03
+445.1700E-06,+77.0653524E-03
+445.5400E-06,+68.0201263E-03
+445.9100E-06,+77.0653524E-03
+446.2800E-06,+77.0653524E-03
+446.6500E-06,+77.0653524E-03
+447.0200E-06,+77.0653524E-03
+447.3900E-06,+77.0653524E-03
+447.7600E-06,+77.0653524E-03
+448.1300E-06,+77.0653524E-03
+448.5000E-06,+77.0653524E-03
+448.8700E-06,+77.0653524E-03
+449.2400E-06,+77.0653524E-03
+449.6100E-06,+77.0653524E-03
+449.9800E-06,+73.4472619E-03
+450.3500E-06,+68.0201263E-03
+450.7200E-06,+77.0653524E-03
+451.0900E-06,+75.2563071E-03
+451.4600E-06,+77.0653524E-03
+451.8300E-06,+77.0653524E-03
+452.2000E-06,+77.0653524E-03
+452.5700E-06,+77.0653524E-03
+452.9400E-06,+77.0653524E-03
+453.3100E-06,+75.2563071E-03
+453.6800E-06,+77.0653524E-03
+454.0500E-06,+77.0653524E-03
+454.4200E-06,+77.0653524E-03
+454.7900E-06,+64.4020359E-03
+455.1600E-06,+77.0653524E-03
+455.5300E-06,+77.0653524E-03
+455.9000E-06,+57.1658551E-03
+456.2700E-06,+60.7839455E-03
+456.6400E-06,+77.0653524E-03
+457.0100E-06,+77.0653524E-03
+457.3800E-06,+71.6382167E-03
+457.7500E-06,+77.0653524E-03
+458.1200E-06,+57.1658551E-03
+458.4900E-06,+77.0653524E-03
+458.8600E-06,+77.0653524E-03
+459.2300E-06,+77.0653524E-03
+459.6000E-06,+55.3568099E-03
+459.9700E-06,+77.0653524E-03
+460.3400E-06,+75.2563072E-03
+460.7100E-06,+77.0653524E-03
+461.0800E-06,+64.4020359E-03
+461.4500E-06,+55.3568099E-03
+461.8200E-06,+71.6382167E-03
+462.1900E-06,+75.2563071E-03
+462.5600E-06,+55.3568099E-03
+462.9300E-06,+60.7839455E-03
+463.3000E-06,+55.3568099E-03
+463.6700E-06,+77.0653524E-03
+464.0400E-06,+77.0653524E-03
+464.4100E-06,+77.0653524E-03
+464.7800E-06,+55.3568099E-03
+465.1500E-06,+60.7839455E-03
+465.5200E-06,+64.4020359E-03
+465.8900E-06,+64.4020359E-03
+466.2600E-06,+55.3568099E-03
+466.6300E-06,+75.2563071E-03
+467.0000E-06,+75.2563072E-03
+467.3700E-06,+55.3568099E-03
+467.7400E-06,+55.3568099E-03
+468.1100E-06,+64.4020359E-03
+468.4800E-06,+60.7839455E-03
+468.8500E-06,+55.3568099E-03
+469.2200E-06,+55.3568099E-03
+469.5900E-06,+71.6382168E-03
+469.9600E-06,+64.4020359E-03
+470.3300E-06,+46.3115838E-03
+470.7000E-06,+55.3568099E-03
+471.0700E-06,+55.3568099E-03
+471.4400E-06,+55.3568099E-03
+471.8100E-06,+55.3568099E-03
+472.1800E-06,+64.4020359E-03
+472.5500E-06,+55.3568099E-03
+472.9200E-06,+60.7839455E-03
+473.2900E-06,+55.3568099E-03
+473.6600E-06,+55.3568099E-03
+474.0300E-06,+60.7839455E-03
+474.4000E-06,+55.3568099E-03
+474.7700E-06,+46.3115838E-03
+475.1400E-06,+55.3568099E-03
+475.5100E-06,+55.3568099E-03
+475.8800E-06,+55.3568099E-03
+476.2500E-06,+55.3568099E-03
+476.6200E-06,+55.3568099E-03
+476.9900E-06,+55.3568099E-03
+477.3600E-06,+55.3568099E-03
+477.7300E-06,+55.3568099E-03
+478.1000E-06,+55.3568099E-03
+478.4700E-06,+33.6482674E-03
+478.8400E-06,+68.0201263E-03
+479.2100E-06,+55.3568099E-03
+479.5800E-06,+55.3568099E-03
+479.9500E-06,+75.2563071E-03
+480.3200E-06,+55.3568099E-03
+480.6900E-06,+49.9296743E-03
+481.0600E-06,+46.3115839E-03
+481.4300E-06,+42.6934934E-03
+481.8000E-06,+60.7839455E-03
+482.1700E-06,+55.3568099E-03
+482.5400E-06,+55.3568099E-03
+482.9100E-06,+33.6482674E-03
+483.2800E-06,+55.3568099E-03
+483.6500E-06,+55.3568099E-03
+484.0200E-06,+55.3568099E-03
+484.3900E-06,+55.3568099E-03
+484.7600E-06,+55.3568099E-03
+485.1300E-06,+55.3568099E-03
+485.5000E-06,+55.3568099E-03
+485.8700E-06,+55.3568099E-03
+486.2400E-06,+55.3568099E-03
+486.6100E-06,+55.3568099E-03
+486.9800E-06,+55.3568099E-03
+487.3500E-06,+55.3568099E-03
+487.7200E-06,+46.3115839E-03
+488.0900E-06,+42.6934935E-03
+488.4600E-06,+55.3568099E-03
+488.8300E-06,+33.6482674E-03
+489.2000E-06,+53.5477647E-03
+489.5700E-06,+55.3568099E-03
+489.9400E-06,+42.6934934E-03
+490.3100E-06,+33.6482674E-03
+490.6800E-06,+49.9296742E-03
+491.0500E-06,+33.6482674E-03
+491.4200E-06,+53.5477647E-03
+491.7900E-06,+39.0754030E-03
+492.1600E-06,+55.3568099E-03
+492.5300E-06,+46.3115838E-03
+492.9000E-06,+55.3568099E-03
+493.2700E-06,+33.6482674E-03
+493.6400E-06,+33.6482674E-03
+494.0100E-06,+39.0754030E-03
+494.3800E-06,+55.3568099E-03
+494.7500E-06,+42.6934934E-03
+495.1200E-06,+39.0754030E-03
+495.4900E-06,+53.5477646E-03
+495.8600E-06,+55.3568099E-03
+496.2300E-06,+33.6482674E-03
+496.6000E-06,+33.6482674E-03
+496.9700E-06,+42.6934934E-03
+497.3400E-06,+33.6482674E-03
+497.7100E-06,+35.4573126E-03
+498.0800E-06,+33.6482674E-03
+498.4500E-06,+49.9296743E-03
+498.8200E-06,+33.6482674E-03
+499.1900E-06,+33.6482674E-03
+499.5600E-06,+39.0754030E-03
+499.9300E-06,+33.6482674E-03
+500.3000E-06,+33.6482674E-03
+500.6700E-06,+55.3568099E-03
+501.0400E-06,+42.6934934E-03
+501.4100E-06,+42.6934934E-03
+501.7800E-06,+33.6482674E-03
+502.1500E-06,+35.4573126E-03
+502.5200E-06,+35.4573126E-03
+502.8900E-06,+33.6482674E-03
+503.2600E-06,+55.3568099E-03
+503.6300E-06,+33.6482674E-03
+504.0000E-06,+39.0754030E-03
+504.3700E-06,+33.6482674E-03
+504.7400E-06,+33.6482674E-03
+505.1100E-06,+49.9296743E-03
+505.4800E-06,+33.6482674E-03
+505.8500E-06,+33.6482674E-03
+506.2200E-06,+39.0754030E-03
+506.5900E-06,+33.6482674E-03
+506.9600E-06,+33.6482674E-03
+507.3300E-06,+55.3568099E-03
+507.7000E-06,+42.6934934E-03
+508.0700E-06,+33.6482674E-03
+508.4400E-06,+17.3668606E-03
+508.8100E-06,+13.7487701E-03
+509.1800E-06,+33.6482674E-03
+509.5500E-06,+33.6482674E-03
+509.9200E-06,+33.6482674E-03
+510.2900E-06,+33.6482674E-03
+510.6600E-06,+33.6482674E-03
+511.0300E-06,+33.6482674E-03
+511.4000E-06,+35.4573126E-03
+511.7700E-06,+33.6482674E-03
+512.1400E-06,+46.3115839E-03
+512.5100E-06,+33.6482674E-03
+512.8800E-06,+33.6482674E-03
+513.2500E-06,+11.9397249E-03
+513.6200E-06,+33.6482674E-03
+513.9900E-06,+17.3668605E-03
+514.3600E-06,+20.9849509E-03
+514.7300E-06,+33.6482674E-03
+515.1000E-06,+33.6482674E-03
+515.4700E-06,+31.8392222E-03
+515.8400E-06,+31.8392222E-03
+516.2100E-06,+33.6482674E-03
+516.5800E-06,+33.6482674E-03
+516.9500E-06,+33.6482674E-03
+517.3200E-06,+33.6482674E-03
+517.6900E-06,+13.7487701E-03
+518.0600E-06,+33.6482674E-03
+518.4300E-06,+33.6482674E-03
+518.8000E-06,+24.6030414E-03
+519.1700E-06,+33.6482674E-03
+519.5400E-06,+33.6482674E-03
+519.9100E-06,+33.6482674E-03
+520.2800E-06,+33.6482674E-03
+520.6500E-06,+33.6482674E-03
+521.0200E-06,+24.6030414E-03
+521.3900E-06,+11.9397249E-03
+521.7600E-06,+28.2211317E-03
+522.1300E-06,+33.6482674E-03
+522.5000E-06,+31.8392222E-03
+522.8700E-06,+28.2211318E-03
+523.2400E-06,+20.9849509E-03
+523.6100E-06,+33.6482674E-03
+523.9800E-06,+28.2211317E-03
+524.3500E-06,+53.5477646E-03
+524.7200E-06,+11.9397249E-03
+525.0900E-06,+11.9397249E-03
+525.4600E-06,+33.6482674E-03
+525.8300E-06,+24.6030413E-03
+526.2000E-06,+17.3668606E-03
+526.5700E-06,+33.6482674E-03
+526.9400E-06,+31.8392222E-03
+527.3100E-06,+11.9397249E-03
+527.6800E-06,+33.6482674E-03
+528.0500E-06,+24.6030413E-03
+528.4200E-06,+28.2211317E-03
+528.7900E-06,+11.9397249E-03
+529.1600E-06,+33.6482674E-03
+529.5300E-06,+11.9397249E-03
+529.9000E-06,+11.9397249E-03
+530.2700E-06,+20.9849510E-03
+530.6400E-06,+17.3668605E-03
+531.0100E-06,+31.8392222E-03
+531.3800E-06,+31.8392222E-03
+531.7500E-06,+11.9397249E-03
+532.1200E-06,+20.9849509E-03
+532.4900E-06,+24.6030413E-03
+532.8600E-06,+11.9397249E-03
+533.2300E-06,+11.9397249E-03
+533.6000E-06,+13.7487701E-03
+533.9700E-06,+11.9397249E-03
+534.3400E-06,+11.9397249E-03
+534.7100E-06,+33.6482674E-03
+535.0800E-06,+28.2211317E-03
+535.4500E-06,+31.8392222E-03
+535.8200E-06,+13.7487701E-03
+536.1900E-06,+33.6482674E-03
+536.5600E-06,+11.9397249E-03
+536.9300E-06,+11.9397249E-03
+537.3000E-06,+33.6482674E-03
+537.6700E-06,+33.6482674E-03
+538.0400E-06,+11.9397249E-03
+538.4100E-06,+11.9397249E-03
+538.7800E-06,+24.6030414E-03
+539.1500E-06,+11.9397249E-03
+539.5200E-06,+11.9397249E-03
+539.8900E-06,+33.6482674E-03
+540.2600E-06,+11.9397249E-03
+540.6300E-06,+11.9397249E-03
+541.0000E-06,+11.9397249E-03
+541.3700E-06,+33.6482674E-03
+541.7400E-06,+17.3668605E-03
+542.1100E-06,+11.9397249E-03
+542.4800E-06,+11.9397249E-03
+542.8500E-06,+11.9397249E-03
+543.2200E-06,+33.6482674E-03
+543.5900E-06,+11.9397249E-03
+543.9600E-06,+11.9397249E-03
+544.3300E-06,+11.9397249E-03
+544.7000E-06,+13.7487701E-03
+545.0700E-06,+17.3668605E-03
+545.4400E-06,+11.9397249E-03
+545.8100E-06,+24.6030413E-03
+546.1800E-06,+11.9397249E-03
+546.5500E-06,+11.9397249E-03
+546.9200E-06,+11.9397249E-03
+547.2900E-06,+11.9397249E-03
+547.6600E-06,+11.9397249E-03
+548.0300E-06,+2.8944989E-03
+548.4000E-06,+11.9397249E-03
+548.7700E-06,+11.9397249E-03
+549.1400E-06,+31.8392222E-03
+549.5100E-06,+11.9397249E-03
+549.8800E-06,+24.6030414E-03
+550.2500E-06,+20.9849510E-03
+550.6200E-06,+11.9397249E-03
+550.9900E-06,+11.9397249E-03
+551.3600E-06,+11.9397249E-03
+551.7300E-06,+11.9397249E-03
+552.1000E-06,+11.9397249E-03
+552.4700E-06,+11.9397249E-03
+552.8400E-06,+33.6482674E-03
+553.2100E-06,-7.9597723E-03
+553.5800E-06,+11.9397249E-03
+553.9500E-06,+11.9397249E-03
+554.3200E-06,+11.9397249E-03
+554.6900E-06,-723.5915E-06
+555.0600E-06,+11.9397249E-03
+555.4300E-06,+11.9397249E-03
+555.8000E-06,+11.9397249E-03
+556.1700E-06,+11.9397249E-03
+556.5400E-06,+20.9849509E-03
+556.9100E-06,+11.9397249E-03
+557.2800E-06,+11.9397249E-03
+557.6500E-06,+11.9397249E-03
+558.0200E-06,+11.9397249E-03
+558.3900E-06,+11.9397249E-03
+558.7600E-06,+11.9397249E-03
+559.1300E-06,+11.9397249E-03
+559.5000E-06,+28.2211317E-03
+559.8700E-06,-7.9597723E-03
+560.2400E-06,+11.9397249E-03
+560.6100E-06,+11.9397249E-03
+560.9800E-06,+11.9397249E-03
+561.3500E-06,+11.9397249E-03
+561.7200E-06,+11.9397249E-03
+562.0900E-06,+11.9397249E-03
+562.4600E-06,-6.1507272E-03
+562.8300E-06,+11.9397249E-03
+563.2000E-06,+11.9397249E-03
+563.5700E-06,-723.5915E-06
+563.9400E-06,+11.9397249E-03
+564.3100E-06,+11.9397249E-03
+564.6800E-06,+11.9397249E-03
+565.0500E-06,+11.9397249E-03
+565.4200E-06,+2.8944989E-03
+565.7900E-06,+11.9397249E-03
+566.1600E-06,+17.3668605E-03
+566.5300E-06,+11.9397249E-03
+566.9000E-06,+11.9397249E-03
+567.2700E-06,-4.3416820E-03
+567.6400E-06,+11.9397249E-03
+568.0100E-06,+11.9397249E-03
+568.3800E-06,+11.9397249E-03
+568.7500E-06,-7.9597724E-03
+569.1200E-06,+11.9397249E-03
+569.4900E-06,+6.5125893E-03
+569.8600E-06,+2.8944989E-03
+570.2300E-06,-723.5915E-06
+570.6000E-06,+11.9397249E-03
+570.9700E-06,+11.9397249E-03
+571.3400E-06,+11.9397249E-03
+571.7100E-06,+6.5125893E-03
+572.0800E-06,-723.5916E-06
+572.4500E-06,+11.9397249E-03
+572.8200E-06,+11.9397249E-03
+573.1900E-06,+10.1306797E-03
+573.5600E-06,+11.9397249E-03
+573.9300E-06,+11.9397249E-03
+574.3000E-06,+11.9397249E-03
+574.6700E-06,+11.9397249E-03
+575.0400E-06,+11.9397249E-03
+575.4100E-06,+11.9397249E-03
+575.7800E-06,+11.9397249E-03
+576.1500E-06,-9.7688176E-03
+576.5200E-06,+2.8944989E-03
+576.8900E-06,-9.7688176E-03
+577.2600E-06,-9.7688176E-03
+577.6300E-06,-9.7688176E-03
+578.0000E-06,+10.1306797E-03
+578.3700E-06,+11.9397249E-03
+578.7400E-06,+11.9397249E-03
+579.1100E-06,+2.8944989E-03
+579.4800E-06,-4.3416819E-03
+579.8500E-06,+11.9397249E-03
+580.2200E-06,+11.9397249E-03
+580.5900E-06,+6.5125893E-03
+580.9600E-06,+11.9397249E-03
+581.3300E-06,+11.9397249E-03
+581.7000E-06,-4.3416819E-03
+582.0700E-06,+11.9397249E-03
+582.4400E-06,+10.1306797E-03
+582.8100E-06,-9.7688176E-03
+583.1800E-06,+11.9397249E-03
+583.5500E-06,+2.8944989E-03
+583.9200E-06,-9.7688176E-03
+584.2900E-06,-9.7688176E-03
+584.6600E-06,+11.9397249E-03
+585.0300E-06,-9.7688176E-03
+585.4000E-06,-9.7688176E-03
+585.7700E-06,+11.9397249E-03
+586.1400E-06,+6.5125893E-03
+586.5100E-06,-9.7688176E-03
+586.8800E-06,+10.1306797E-03
+587.2500E-06,-9.7688176E-03
+587.6200E-06,+2.8944989E-03
+587.9900E-06,+11.9397249E-03
+588.3600E-06,+6.5125893E-03
+588.7300E-06,+10.1306797E-03
+589.1000E-06,+10.1306797E-03
+589.4700E-06,-4.3416820E-03
+589.8400E-06,-9.7688176E-03
+590.2100E-06,-723.5915E-06
+590.5800E-06,-4.3416819E-03
+590.9500E-06,-7.9597724E-03
+591.3200E-06,-9.7688176E-03
+591.6900E-06,-9.7688176E-03
+592.0600E-06,-9.7688176E-03
+592.4300E-06,-9.7688176E-03
+592.8000E-06,-4.3416819E-03
+593.1700E-06,-9.7688176E-03
+593.5400E-06,-9.7688176E-03
+593.9100E-06,-9.7688176E-03
+594.2800E-06,-9.7688176E-03
+594.6500E-06,-9.7688176E-03
+595.0200E-06,+6.5125893E-03
+595.3900E-06,+11.9397249E-03
+595.7600E-06,-9.7688176E-03
+596.1300E-06,-9.7688176E-03
+596.5000E-06,-9.7688176E-03
+596.8700E-06,-723.5915E-06
+597.2400E-06,+6.5125893E-03
+597.6100E-06,-7.9597724E-03
+597.9800E-06,-9.7688176E-03
+598.3500E-06,-9.7688176E-03
+598.7200E-06,-9.7688176E-03
+599.0900E-06,-9.7688176E-03
+599.4600E-06,-9.7688176E-03
+599.8300E-06,-9.7688176E-03
+600.2000E-06,-7.9597724E-03
+600.5700E-06,+6.5125893E-03
+600.9400E-06,-22.4321340E-03
+601.3100E-06,-9.7688176E-03
+601.6800E-06,+6.5125893E-03
+602.0500E-06,-9.7688176E-03
+602.4200E-06,-9.7688176E-03
+602.7900E-06,-9.7688176E-03
+603.1600E-06,-9.7688176E-03
+603.5300E-06,-9.7688176E-03
+603.9000E-06,+6.5125893E-03
+604.2700E-06,-9.7688176E-03
+604.6400E-06,-7.9597724E-03
+605.0100E-06,-9.7688176E-03
+605.3800E-06,+2.8944989E-03
+605.7500E-06,-9.7688176E-03
+606.1200E-06,-9.7688176E-03
+606.4900E-06,-9.7688176E-03
+606.8600E-06,-9.7688176E-03
+607.2300E-06,-9.7688176E-03
+607.6000E-06,-723.5916E-06
+607.9700E-06,-9.7688176E-03
+608.3400E-06,-9.7688176E-03
+608.7100E-06,-9.7688176E-03
+609.0800E-06,-9.7688176E-03
+609.4500E-06,+11.9397249E-03
+609.8200E-06,-9.7688176E-03
+610.1900E-06,-723.5915E-06
+610.5600E-06,-9.7688176E-03
+610.9300E-06,-9.7688176E-03
+611.3000E-06,-9.7688176E-03
+611.6700E-06,-9.7688176E-03
+612.0400E-06,-9.7688176E-03
+612.4100E-06,-9.7688176E-03
+612.7800E-06,+6.5125893E-03
+613.1500E-06,-9.7688176E-03
+613.5200E-06,-9.7688176E-03
+613.8900E-06,+6.5125893E-03
+614.2600E-06,-9.7688176E-03
+614.6300E-06,-9.7688176E-03
+615.0000E-06,+6.5125893E-03
+615.3700E-06,-11.5778628E-03
+615.7400E-06,-9.7688176E-03
+616.1100E-06,-9.7688176E-03
+616.4800E-06,+2.8944989E-03
+616.8500E-06,-9.7688176E-03
+617.2200E-06,-9.7688176E-03
+617.5900E-06,-9.7688176E-03
+617.9600E-06,-11.5778628E-03
+618.3300E-06,+6.5125893E-03
+618.7000E-06,-9.7688176E-03
+619.0700E-06,-9.7688176E-03
+619.4400E-06,-9.7688176E-03
+619.8100E-06,-9.7688176E-03
+620.1800E-06,-9.7688176E-03
+620.5500E-06,-15.1959532E-03
+620.9200E-06,-9.7688176E-03
+621.2900E-06,-9.7688176E-03
+621.6600E-06,-26.0502244E-03
+622.0300E-06,+10.1306797E-03
+622.4000E-06,-29.6683149E-03
+622.7700E-06,-9.7688176E-03
+623.1400E-06,-9.7688176E-03
+623.5100E-06,-9.7688176E-03
+623.8800E-06,-15.1959532E-03
+624.2500E-06,-9.7688176E-03
+624.6200E-06,-9.7688176E-03
+624.9900E-06,-9.7688176E-03
+625.3600E-06,-22.4321340E-03
+625.7300E-06,-9.7688176E-03
+626.1000E-06,-26.0502244E-03
+626.4700E-06,-11.5778628E-03
+626.8400E-06,-29.6683149E-03
+627.2100E-06,-9.7688176E-03
+627.5800E-06,-9.7688176E-03
+627.9500E-06,-9.7688176E-03
+628.3200E-06,-9.7688176E-03
+628.6900E-06,-9.7688176E-03
+629.0600E-06,-9.7688176E-03
+629.4300E-06,-9.7688176E-03
+629.8000E-06,-9.7688176E-03
+630.1700E-06,-22.4321340E-03
+630.5400E-06,-9.7688176E-03
+630.9100E-06,-9.7688176E-03
+631.2800E-06,-9.7688176E-03
+631.6500E-06,-26.0502244E-03
+632.0200E-06,-22.4321340E-03
+632.3900E-06,-9.7688176E-03
+632.7600E-06,-15.1959532E-03
+633.1300E-06,-9.7688176E-03
+633.5000E-06,-11.5778628E-03
+633.8700E-06,-26.0502244E-03
+634.2400E-06,-18.8140436E-03
+634.6100E-06,-9.7688176E-03
+634.9800E-06,-15.1959532E-03
+635.3500E-06,-9.7688176E-03
+635.7200E-06,-9.7688176E-03
+636.0900E-06,-15.1959532E-03
+636.4600E-06,-9.7688176E-03
+636.8300E-06,-9.7688176E-03
+637.2000E-06,-20.6230888E-03
+637.5700E-06,-29.6683148E-03
+637.9400E-06,-9.7688176E-03
+638.3100E-06,-9.7688176E-03
+638.6800E-06,-18.8140436E-03
+639.0500E-06,-9.7688176E-03
+639.4200E-06,-15.1959532E-03
+639.7900E-06,-11.5778628E-03
+640.1600E-06,-9.7688176E-03
+640.5300E-06,-9.7688176E-03
+640.9000E-06,-18.8140436E-03
+641.2700E-06,-22.4321340E-03
+641.6400E-06,-26.0502244E-03
+642.0100E-06,-9.7688176E-03
+642.3800E-06,-29.6683149E-03
+642.7500E-06,-9.7688176E-03
+643.1200E-06,-9.7688176E-03
+643.4900E-06,-9.7688176E-03
+643.8600E-06,-20.6230888E-03
+644.2300E-06,-9.7688176E-03
+644.6000E-06,-9.7688176E-03
+644.9700E-06,-9.7688176E-03
+645.3400E-06,-18.8140436E-03
+645.7100E-06,-18.8140436E-03
+646.0800E-06,-9.7688176E-03
+646.4500E-06,-9.7688176E-03
+646.8200E-06,-9.7688176E-03
+647.1900E-06,-26.0502244E-03
+647.5600E-06,-22.4321340E-03
+647.9300E-06,-18.8140436E-03
+648.3000E-06,-31.4773601E-03
+648.6700E-06,-11.5778628E-03
+649.0400E-06,-11.5778628E-03
+649.4100E-06,-26.0502244E-03
+649.7800E-06,-31.4773601E-03
+650.1500E-06,-18.8140436E-03
+650.5200E-06,-15.1959532E-03
+650.8900E-06,-29.6683148E-03
+651.2600E-06,-29.6683149E-03
+651.6300E-06,-26.0502244E-03
+652.0000E-06,-31.4773601E-03
+652.3700E-06,-9.7688176E-03
+652.7400E-06,-26.0502244E-03
+653.1100E-06,-9.7688176E-03
+653.4800E-06,-9.7688176E-03
+653.8500E-06,-9.7688176E-03
+654.2200E-06,-31.4773601E-03
+654.5900E-06,-31.4773601E-03
+654.9600E-06,-15.1959532E-03
+655.3300E-06,-9.7688176E-03
+655.7000E-06,-9.7688176E-03
+656.0700E-06,-9.7688176E-03
+656.4400E-06,-31.4773601E-03
+656.8100E-06,-22.4321340E-03
+657.1800E-06,-26.0502244E-03
+657.5500E-06,-11.5778628E-03
+657.9200E-06,-9.7688176E-03
+658.2900E-06,-26.0502244E-03
+658.6600E-06,-9.7688176E-03
+659.0300E-06,-31.4773601E-03
+659.4000E-06,-9.7688176E-03
+659.7700E-06,-29.6683148E-03
+660.1400E-06,-11.5778628E-03
+660.5100E-06,-15.1959532E-03
+660.8800E-06,-9.7688176E-03
+661.2500E-06,-9.7688176E-03
+661.6200E-06,-26.0502244E-03
+661.9900E-06,-29.6683148E-03
+662.3600E-06,-9.7688176E-03
+662.7300E-06,-9.7688176E-03
+663.1000E-06,-31.4773601E-03
+663.4700E-06,-18.8140436E-03
+663.8400E-06,-15.1959532E-03
+664.2100E-06,-11.5778628E-03
+664.5800E-06,-29.6683149E-03
+664.9500E-06,-26.0502244E-03
+665.3200E-06,-18.8140436E-03
+665.6900E-06,-18.8140436E-03
+666.0600E-06,-26.0502244E-03
+666.4300E-06,-11.5778628E-03
+666.8000E-06,-29.6683149E-03
+667.1700E-06,-26.0502244E-03
+667.5400E-06,-9.7688176E-03
+667.9100E-06,-31.4773601E-03
+668.2800E-06,-15.1959532E-03
+668.6500E-06,-9.7688176E-03
+669.0200E-06,-29.6683149E-03
+669.3900E-06,-31.4773601E-03
+669.7600E-06,-18.8140436E-03
+670.1300E-06,-31.4773601E-03
+670.5000E-06,-31.4773601E-03
+670.8700E-06,-11.5778628E-03
+671.2400E-06,-31.4773601E-03
+671.6100E-06,-9.7688176E-03
+671.9800E-06,-9.7688176E-03
+672.3500E-06,-9.7688176E-03
+672.7200E-06,-31.4773601E-03
+673.0900E-06,-31.4773601E-03
+673.4600E-06,-31.4773601E-03
+673.8300E-06,-31.4773601E-03
+674.2000E-06,-22.4321340E-03
+674.5700E-06,-18.8140436E-03
+674.9400E-06,-9.7688176E-03
+675.3100E-06,-9.7688176E-03
+675.6800E-06,-9.7688176E-03
+676.0500E-06,-26.0502244E-03
+676.4200E-06,-22.4321340E-03
+676.7900E-06,-22.4321340E-03
+677.1600E-06,-9.7688176E-03
+677.5300E-06,-9.7688176E-03
+677.9000E-06,-29.6683148E-03
+678.2700E-06,-15.1959532E-03
+678.6400E-06,-31.4773601E-03
+679.0100E-06,-9.7688176E-03
+679.3800E-06,-31.4773601E-03
+679.7500E-06,-31.4773601E-03
+680.1200E-06,-31.4773601E-03
+680.4900E-06,-26.0502244E-03
+680.8600E-06,-18.8140436E-03
+681.2300E-06,-31.4773601E-03
+681.6000E-06,-9.7688176E-03
+681.9700E-06,-31.4773601E-03
+682.3400E-06,-31.4773601E-03
+682.7100E-06,-9.7688176E-03
+683.0800E-06,-22.4321340E-03
+683.4500E-06,-22.4321340E-03
+683.8200E-06,-26.0502244E-03
+684.1900E-06,-29.6683148E-03
+684.5600E-06,-31.4773601E-03
+684.9300E-06,-15.1959532E-03
+685.3000E-06,-18.8140436E-03
+685.6700E-06,-31.4773601E-03
+686.0400E-06,-26.0502244E-03
+686.4100E-06,-31.4773601E-03
+686.7800E-06,-31.4773601E-03
+687.1500E-06,-31.4773601E-03
+687.5200E-06,-9.7688176E-03
+687.8900E-06,-9.7688176E-03
+688.2600E-06,-9.7688176E-03
+688.6300E-06,-11.5778628E-03
+689.0000E-06,-31.4773601E-03
+689.3700E-06,-31.4773601E-03
+689.7400E-06,-31.4773601E-03
+690.1100E-06,-9.7688176E-03
+690.4800E-06,-9.7688176E-03
+690.8500E-06,-11.5778628E-03
+691.2200E-06,-31.4773601E-03
+691.5900E-06,-15.1959532E-03
+691.9600E-06,-31.4773601E-03
+692.3300E-06,-31.4773601E-03
+692.7000E-06,-26.0502244E-03
+693.0700E-06,-31.4773601E-03
+693.4400E-06,-31.4773601E-03
+693.8100E-06,-26.0502244E-03
+694.1800E-06,-18.8140436E-03
+694.5500E-06,-22.4321340E-03
+694.9200E-06,-20.6230888E-03
+695.2900E-06,-31.4773601E-03
+695.6600E-06,-31.4773601E-03
+696.0300E-06,-31.4773601E-03
+696.4000E-06,-31.4773601E-03
+696.7700E-06,-22.4321340E-03
+697.1400E-06,-31.4773601E-03
+697.5100E-06,-29.6683148E-03
+697.8800E-06,-31.4773601E-03
+698.2500E-06,-31.4773601E-03
+698.6200E-06,-31.4773601E-03
+698.9900E-06,-22.4321340E-03
+699.3600E-06,-31.4773601E-03
+699.7300E-06,-31.4773601E-03
+700.1000E-06,-11.5778628E-03
+700.4700E-06,-31.4773601E-03
+700.8400E-06,-22.4321340E-03
+701.2100E-06,-44.1406765E-03
+701.5800E-06,-9.7688176E-03
+701.9500E-06,-31.4773601E-03
+702.3200E-06,-31.4773601E-03
+702.6900E-06,-31.4773601E-03
+703.0600E-06,-31.4773601E-03
+703.4300E-06,-18.8140436E-03
+703.8000E-06,-15.1959532E-03
+704.1700E-06,+10.1306797E-03
+704.5400E-06,+10.1306797E-03
+704.9100E-06,+6.5125893E-03
+705.2800E-06,+11.9397249E-03
+705.6500E-06,+11.9397249E-03
+706.0200E-06,+33.6482674E-03
+706.3900E-06,+53.5477647E-03
+706.7600E-06,+75.2563071E-03
+707.1300E-06,+77.0653524E-03
+707.5000E-06,+77.0653524E-03
+707.8700E-06,+77.0653524E-03
+708.2400E-06,+104.2010304E-03
+708.6100E-06,+100.5829400E-03
+708.9800E-06,+120.4824373E-03
+709.3500E-06,+142.1909798E-03
+709.7200E-06,+142.1909798E-03
+710.0900E-06,+142.1909798E-03
+710.4600E-06,+163.8995223E-03
+710.8300E-06,+163.8995223E-03
+711.2000E-06,+185.6080648E-03
+711.5700E-06,+191.0352004E-03
+711.9400E-06,+207.3166072E-03
+712.3100E-06,+219.9799237E-03
+712.6800E-06,+229.0251497E-03
+713.0500E-06,+229.0251497E-03
+713.4200E-06,+250.7336922E-03
+713.7900E-06,+272.4422347E-03
+714.1600E-06,+272.4422347E-03
+714.5300E-06,+272.4422347E-03
+714.9000E-06,+272.4422347E-03
+715.2700E-06,+294.1507772E-03
+715.6400E-06,+314.0502744E-03
+716.0100E-06,+310.4321840E-03
+716.3800E-06,+315.8593196E-03
+716.7500E-06,+337.5678621E-03
+717.1200E-06,+337.5678621E-03
+717.4900E-06,+359.2764046E-03
+717.8600E-06,+361.0854498E-03
+718.2300E-06,+380.9849471E-03
+718.6000E-06,+402.6934896E-03
+718.9700E-06,+402.6934896E-03
+719.3400E-06,+402.6934896E-03
+719.7100E-06,+424.4020320E-03
+720.0800E-06,+426.2110773E-03
+720.4500E-06,+446.1105745E-03
+720.8200E-06,+446.1105745E-03
+721.1900E-06,+455.1558006E-03
+721.5600E-06,+467.8191170E-03
+721.9300E-06,+469.6281622E-03
+722.3000E-06,+489.5276595E-03
+722.6700E-06,+494.9547951E-03
+723.0400E-06,+511.2362020E-03
+723.4100E-06,+511.2362020E-03
+723.7800E-06,+532.9447445E-03
+724.1500E-06,+534.7537897E-03
+724.5200E-06,+534.7537897E-03
+724.8900E-06,+576.3618294E-03
+725.2600E-06,+576.3618294E-03
+725.6300E-06,+576.3618294E-03
